pruning_level,scenario,masking_mode,pruning_method,i2t_top1,top1_specific_acc,top1_coordinate_acc,top1_super_acc,mrr,semantic_entropy,cka_vision,cka_text,npr_vision,coordinate error,superordinate error,domain error,domain collapse,top10_coordinate_ratio,top10_superordinate_ratio,top10_domain_ratio,noise_floor_top1_acc,noise_floor_mrr,noise_floor_entropy,n_typical,n_atypical,acc_typical,acc_atypical,delta_typicality
0.0,joint,static,l1_unstructured,0.5556944608688354,0.5556944608688354,0.7265277777777778,0.9356944444444445,0.6713155143139147,1.9807963371276855,1.0,1.0,1.0,1230,1506,224,239,0.3061111111111111,0.8252083333333333,0.9221944444444444,0.0075,0.060655239510024245,1.6724215745925903,4400,2800,0.5459090909090909,0.5710714285714286,-0.025162337662337664
0.05,joint,static,l1_unstructured,0.5523611307144165,0.5523611307144165,0.7284722222222222,0.9366666666666666,0.6692863361913752,1.9745177030563354,0.9991726279258728,0.9987620711326599,0.9268055555555555,1268,1499,215,241,0.3069166666666666,0.8265277777777779,0.9236666666666666,0.0075,0.060655239510024245,1.6724215745925903,4400,2800,0.5413636363636364,0.5696428571428571,-0.028279220779220737
0.1,joint,static,l1_unstructured,0.5520833134651184,0.5520833134651184,0.7288888888888889,0.935,0.6713425519060124,1.9756053686141968,0.9866122007369995,0.9935604333877563,0.7513611111111111,1273,1484,217,251,0.30895833333333333,0.8260416666666667,0.9250138888888889,0.0075,0.060655239510024245,1.6724215745925903,4400,2800,0.5413636363636364,0.5689285714285715,-0.02756493506493507
0.15,joint,static,l1_unstructured,0.5845833420753479,0.5845833420753479,0.7408333333333333,0.9330555555555555,0.6992650089628059,2.1510860919952393,0.927558183670044,0.9887287020683289,0.4993888888888889,1125,1384,216,266,0.31243055555555554,0.8076805555555557,0.9210694444444445,0.0075,0.060655239510024245,1.6724215745925903,4400,2800,0.5704545454545454,0.6067857142857143,-0.036331168831168825
0.2,joint,static,l1_unstructured,0.5465278029441833,0.5465278029441833,0.7048611111111112,0.9133333333333333,0.6675614777319213,2.4971823692321777,0.8379342555999756,0.9773311018943787,0.31633333333333336,1140,1501,323,301,0.2971944444444445,0.7822638888888891,0.915,0.0075,0.060655239510024245,1.6724215745925903,4400,2800,0.525,0.5803571428571429,-0.05535714285714288
0.25,joint,static,l1_unstructured,0.4561111032962799,0.4561111032962799,0.6254166666666666,0.8869444444444444,0.5855958860658723,2.927264451980591,0.7409916520118713,0.9562960863113403,0.21158333333333332,1219,1883,480,334,0.2808888888888889,0.7628611111111112,0.9124583333333335,0.0075,0.060655239510024245,1.6724215745925903,4400,2800,0.43772727272727274,0.485,-0.047272727272727244
0.3,joint,static,l1_unstructured,0.3141666650772095,0.3141666650772095,0.5018055555555555,0.8627777777777778,0.4546549007857665,3.5519378185272217,0.6314582824707031,0.9259188175201416,0.1388611111111111,1351,2599,650,338,0.24366666666666664,0.7503055555555556,0.9108611111111112,0.0075,0.060655239510024245,1.6724215745925903,4400,2800,0.28295454545454546,0.3632142857142857,-0.08025974025974025
0.35,joint,static,l1_unstructured,0.14180555939674377,0.14180555939674377,0.30416666666666664,0.8366666666666667,0.2716275271318835,4.092163562774658,0.506701648235321,0.9008073210716248,0.08636111111111111,1169,3834,714,462,0.1825277777777778,0.7562222222222222,0.9098333333333335,0.0075,0.060655239510024245,1.6724215745925903,4400,2800,0.11227272727272727,0.18821428571428572,-0.07594155844155845
0.4,joint,static,l1_unstructured,0.07583333551883698,0.07583333551883698,0.22944444444444445,0.7790277777777778,0.18255404271746772,4.715602397918701,0.42592793703079224,0.8517968654632568,0.06255555555555556,1106,3957,1087,504,0.14476388888888891,0.7308194444444445,0.9177638888888889,0.0075,0.060655239510024245,1.6724215745925903,4400,2800,0.05613636363636364,0.10678571428571429,-0.05064935064935065
0.45,joint,static,l1_unstructured,0.023194445297122,0.023194445297122,0.09791666666666667,0.8140277777777778,0.08922679649212142,5.118594646453857,0.2980111241340637,0.7728487253189087,0.042722222222222224,538,5156,838,501,0.09380555555555556,0.7741805555555556,0.919513888888889,0.0075,0.060655239510024245,1.6724215745925903,4400,2800,0.017045454545454544,0.032857142857142856,-0.01581168831168831
0.5,joint,static,l1_unstructured,0.021388888359069824,0.021388888359069824,0.06111111111111111,0.8194444444444444,0.07725531755660199,5.813838005065918,0.2754797637462616,0.6599327325820923,0.037722222222222226,286,5460,800,500,0.08134722222222221,0.7593333333333334,0.9300694444444444,0.0075,0.060655239510024245,1.6724215745925903,4400,2800,0.020227272727272726,0.023214285714285715,-0.0029870129870129894
0.55,joint,static,l1_unstructured,0.013888888992369175,0.013888888992369175,0.02875,0.8183333333333334,0.06909950673954217,6.133396148681641,0.22984996438026428,0.6436530351638794,0.03286111111111111,107,5685,806,502,0.06359722222222222,0.744791666666667,0.8676666666666668,0.0075,0.060655239510024245,1.6724215745925903,4400,2800,0.022727272727272728,0.0,0.022727272727272728
0.6,joint,static,l1_unstructured,0.012916666455566883,0.012916666455566883,0.08861111111111111,0.8194444444444444,0.06611755441870523,6.148152828216553,0.23342545330524445,0.42820417881011963,0.02827777777777778,545,5262,800,500,0.05395833333333333,0.7500972222222223,0.8519722222222224,0.0075,0.060655239510024245,1.6724215745925903,4400,2800,0.020227272727272726,0.0014285714285714286,0.018798701298701297
0.65,joint,static,l1_unstructured,0.013888888992369175,0.013888888992369175,0.08333333333333333,0.8194444444444444,0.06898664714890468,6.156742095947266,0.21797971427440643,0.4570114314556122,0.026055555555555554,500,5300,800,500,0.07141666666666667,0.7115138888888891,0.8440000000000003,0.0075,0.060655239510024245,1.6724215745925903,4400,2800,0.022727272727272728,0.0,0.022727272727272728
0.7,joint,static,l1_unstructured,0.013888888992369175,0.013888888992369175,0.08333333333333333,0.8188888888888889,0.06675576474493657,6.157818794250488,0.20178534090518951,0.514294445514679,0.023305555555555555,500,5296,804,500,0.06656944444444444,0.6706805555555556,0.9238472222222222,0.0075,0.060655239510024245,1.6724215745925903,4400,2800,0.022727272727272728,0.0,0.022727272727272728
0.75,joint,static,l1_unstructured,0.014027778059244156,0.014027778059244156,0.04722222222222222,0.8188888888888889,0.06689804165150287,6.162755489349365,0.19278785586357117,0.5420655608177185,0.021305555555555557,239,5556,801,503,0.058680555555555555,0.7790277777777779,0.8939722222222223,0.0075,0.060655239510024245,1.6724215745925903,4400,2800,0.00022727272727272727,0.03571428571428571,-0.035487012987012984
0.8,joint,static,l1_unstructured,0.016527777537703514,0.016527777537703514,0.10486111111111111,0.8194444444444444,0.07075545790833174,6.137567043304443,0.17878004908561707,0.6057392954826355,0.018666666666666668,636,5145,800,500,0.07183333333333335,0.6914444444444446,0.8437361111111114,0.0075,0.060655239510024245,1.6724215745925903,4400,2800,0.007272727272727273,0.031071428571428573,-0.0237987012987013
0.85,joint,static,l1_unstructured,0.013888888992369175,0.013888888992369175,0.08333333333333333,0.8194444444444444,0.06695551527365884,6.15036153793335,0.15884631872177124,0.6096794605255127,0.015361111111111112,500,5300,800,500,0.0648611111111111,0.6640416666666668,0.835166666666667,0.0075,0.060655239510024245,1.6724215745925903,4400,2800,0.0,0.03571428571428571,-0.03571428571428571
0.9,joint,static,l1_unstructured,0.012222222052514553,0.012222222052514553,0.0948611111111111,0.8194444444444444,0.06928079731303029,6.16657829284668,0.14463454484939575,0.5881757736206055,0.012055555555555555,595,5217,800,500,0.07022222222222223,0.8193611111111111,0.9305555555555556,0.0075,0.060655239510024245,1.6724215745925903,4400,2800,0.015,0.007857142857142858,0.007142857142857142
0.0,text_only,static,l1_unstructured,0.5556944608688354,0.5556944608688354,0.7265277777777778,0.9356944444444445,0.6713155143139147,1.9807963371276855,1.0,1.0,1.0,1230,1506,224,239,0.3061111111111111,0.8252083333333333,0.9221944444444444,,,,4400,2800,0.5459090909090909,0.5710714285714286,-0.025162337662337664
0.05,text_only,static,l1_unstructured,0.5520833134651184,0.5520833134651184,0.7298611111111111,0.9372222222222222,0.6688058840444657,1.982100248336792,1.0,0.9987620711326599,1.0,1280,1493,215,237,0.30722222222222223,0.8265555555555557,0.9239305555555556,,,,4400,2800,0.5395454545454546,0.5717857142857142,-0.03224025974025968
0.1,text_only,static,l1_unstructured,0.5531944632530212,0.5531944632530212,0.7305555555555555,0.9352777777777778,0.6691411403753005,1.9466121196746826,1.0,0.9935604333877563,1.0,1277,1474,226,240,0.3073888888888889,0.8278472222222222,0.9255416666666666,,,,4400,2800,0.5425,0.57,-0.02749999999999997
0.15,text_only,static,l1_unstructured,0.5569444298744202,0.5569444298744202,0.7293055555555555,0.9365277777777777,0.6729079960839796,1.9062734842300415,1.0,0.9887287020683289,1.0,1241,1492,204,253,0.3076388888888889,0.8230277777777778,0.9244305555555555,,,,4400,2800,0.5386363636363637,0.5857142857142857,-0.04707792207792205
0.2,text_only,static,l1_unstructured,0.5605555772781372,0.5605555772781372,0.7345833333333334,0.9375,0.6756119733506183,1.9945027828216553,1.0,0.9773311018943787,1.0,1253,1461,208,242,0.30938888888888894,0.8204861111111111,0.9242222222222223,,,,4400,2800,0.5422727272727272,0.5892857142857143,-0.04701298701298706
0.25,text_only,static,l1_unstructured,0.5545833110809326,0.5545833110809326,0.7291666666666666,0.9368055555555556,0.6726634946094514,2.0298144817352295,1.0,0.9562960863113403,1.0,1257,1495,229,226,0.3096805555555555,0.8214861111111111,0.9259305555555555,,,,4400,2800,0.5381818181818182,0.5803571428571429,-0.0421753246753247
0.3,text_only,static,l1_unstructured,0.5491666793823242,0.5491666793823242,0.7243055555555555,0.9419444444444445,0.6682886293517065,2.1290338039398193,1.0,0.9259188175201416,1.0,1261,1567,187,231,0.31472222222222224,0.8242777777777778,0.9271944444444444,,,,4400,2800,0.5284090909090909,0.5817857142857142,-0.0533766233766233
0.35,text_only,static,l1_unstructured,0.5287500023841858,0.5287500023841858,0.7154166666666667,0.9419444444444445,0.6488132230996757,2.3450257778167725,1.0,0.9008073210716248,1.0,1344,1631,186,232,0.3126805555555556,0.8238611111111112,0.9287916666666667,,,,4400,2800,0.5084090909090909,0.5607142857142857,-0.0523051948051948
0.4,text_only,static,l1_unstructured,0.4873611032962799,0.4873611032962799,0.6930555555555555,0.9416666666666667,0.6088650680458774,2.701716661453247,1.0,0.8517968654632568,1.0,1481,1790,193,227,0.30519444444444443,0.8193194444444445,0.9278611111111111,,,,4400,2800,0.48113636363636364,0.49714285714285716,-0.016006493506493524
0.45,text_only,static,l1_unstructured,0.3936111032962799,0.3936111032962799,0.6286111111111111,0.9336111111111111,0.521695217996318,3.5668752193450928,1.0,0.7728487253189087,1.0,1692,2196,237,241,0.2970833333333333,0.8271250000000001,0.9254861111111111,,,,4400,2800,0.3981818181818182,0.38642857142857145,0.011753246753246738
0.5,text_only,static,l1_unstructured,0.25430554151535034,0.25430554151535034,0.5508333333333333,0.9126388888888889,0.37900902919483453,5.035141468048096,1.0,0.6599327325820923,1.0,2135,2605,289,340,0.2544444444444444,0.8302361111111111,0.9245416666666668,,,,4400,2800,0.2540909090909091,0.2546428571428571,-0.0005519480519480258
0.55,text_only,static,l1_unstructured,0.092777781188488,0.092777781188488,0.3765277777777778,0.8763888888888889,0.22448442712144917,6.039632797241211,1.0,0.6436530351638794,1.0,2043,3599,362,528,0.19927777777777778,0.8066527777777779,0.9115694444444444,,,,4400,2800,0.11613636363636363,0.05607142857142857,0.060064935064935064
0.6,text_only,static,l1_unstructured,0.049861110746860504,0.049861110746860504,0.17180555555555554,0.7926388888888889,0.14406673998759761,6.153902053833008,1.0,0.42820417881011963,1.0,878,4470,821,672,0.12727777777777777,0.7452500000000002,0.8935138888888889,,,,4400,2800,0.06295454545454546,0.029285714285714286,0.03366883116883117
0.65,text_only,static,l1_unstructured,0.020972222089767456,0.020972222089767456,0.11069444444444444,0.7359722222222222,0.08797231480516089,6.160111427307129,1.0,0.4570114314556122,1.0,646,4502,880,1021,0.1003888888888889,0.7255972222222223,0.8928055555555556,,,,4400,2800,0.026818181818181817,0.011785714285714287,0.015032467532467531
0.7,text_only,static,l1_unstructured,0.013333333656191826,0.013333333656191826,0.08305555555555555,0.7702777777777777,0.07179420943460314,6.16126823425293,1.0,0.514294445514679,1.0,502,4948,878,776,0.07758333333333334,0.7561944444444445,0.9005277777777779,,,,4400,2800,0.01840909090909091,0.005357142857142857,0.013051948051948052
0.75,text_only,static,l1_unstructured,0.023055555298924446,0.023055555298924446,0.08833333333333333,0.70375,0.08606794321524924,6.161543846130371,1.0,0.5420655608177185,1.0,470,4431,748,1385,0.08688888888888889,0.7725972222222223,0.8870694444444445,,,,4400,2800,0.02590909090909091,0.018571428571428572,0.007337662337662337
0.8,text_only,static,l1_unstructured,0.034166667610406876,0.034166667610406876,0.13458333333333333,0.5683333333333334,0.10170251543686779,6.121318817138672,1.0,0.6057392954826355,1.0,723,3123,2208,900,0.10201388888888889,0.65425,0.8638611111111113,,,,4400,2800,0.027045454545454546,0.04535714285714286,-0.018311688311688314
0.85,text_only,static,l1_unstructured,0.03291666507720947,0.03291666507720947,0.10236111111111111,0.5038888888888889,0.09506703092796259,6.142498016357422,1.0,0.6096794605255127,1.0,500,2891,1066,2506,0.07663888888888888,0.575861111111111,0.803638888888889,,,,4400,2800,0.031363636363636364,0.03535714285714286,-0.0039935064935064934
0.9,text_only,static,l1_unstructured,0.027361111715435982,0.027361111715435982,0.09375,0.7761111111111111,0.08562045890645381,6.163627624511719,1.0,0.5881757736206055,1.0,478,4913,1016,596,0.07012499999999999,0.7035138888888889,0.8736666666666666,,,,4400,2800,0.02772727272727273,0.026785714285714284,0.0009415584415584446
0.0,vision_only,static,l1_unstructured,0.5556944608688354,0.5556944608688354,0.7265277777777778,0.9356944444444445,0.6713155143139147,1.9807963371276855,1.0,1.0,1.0,1230,1506,224,239,0.3061111111111111,0.8252083333333333,0.9221944444444444,,,,4400,2800,0.5459090909090909,0.5710714285714286,-0.025162337662337664
0.05,vision_only,static,l1_unstructured,0.5550000071525574,0.5550000071525574,0.7277777777777777,0.9359722222222222,0.6715323903192263,1.9730324745178223,0.9991726279258728,1.0,0.9268055555555555,1244,1499,218,243,0.30625,0.8253055555555556,0.9218472222222222,,,,4400,2800,0.5443181818181818,0.5717857142857142,-0.02746753246753242
0.1,vision_only,static,l1_unstructured,0.5577777624130249,0.5577777624130249,0.7268055555555556,0.9355555555555556,0.6749097606757167,2.0116348266601562,0.9866122007369995,1.0,0.7513611111111111,1217,1503,215,249,0.30813888888888896,0.8230277777777779,0.9214166666666668,,,,4400,2800,0.5470454545454545,0.5746428571428571,-0.02759740259740262
0.15,vision_only,static,l1_unstructured,0.586388885974884,0.586388885974884,0.7404166666666666,0.9338888888888889,0.7002579789904305,2.2451300621032715,0.927558183670044,1.0,0.4993888888888889,1109,1393,220,256,0.3110138888888889,0.811888888888889,0.9207916666666668,,,,4400,2800,0.5725,0.6082142857142857,-0.0357142857142857
0.2,vision_only,static,l1_unstructured,0.5469444394111633,0.5469444394111633,0.7022222222222222,0.9161111111111111,0.6671191131354361,2.5024702548980713,0.8379342555999756,1.0,0.31633333333333336,1118,1540,310,294,0.29456944444444444,0.7927361111111112,0.9171805555555557,,,,4400,2800,0.5272727272727272,0.5778571428571428,-0.05058441558441562
0.25,vision_only,static,l1_unstructured,0.46569445729255676,0.46569445729255676,0.6304166666666666,0.8927777777777778,0.5965116538200484,2.930626153945923,0.7409916520118713,1.0,0.21158333333333332,1186,1889,439,333,0.2784444444444445,0.7775,0.9131527777777779,,,,4400,2800,0.4511363636363636,0.48857142857142855,-0.03743506493506493
0.3,vision_only,static,l1_unstructured,0.3611111044883728,0.3611111044883728,0.5263888888888889,0.8686111111111111,0.4943583116530057,3.592297315597534,0.6314582824707031,1.0,0.1388611111111111,1190,2464,561,385,0.2467361111111111,0.7735972222222222,0.9121111111111112,,,,4400,2800,0.3386363636363636,0.3964285714285714,-0.057792207792207784
0.35,vision_only,static,l1_unstructured,0.19986110925674438,0.19986110925674438,0.3536111111111111,0.8508333333333333,0.3339404200183105,4.181369304656982,0.506701648235321,1.0,0.08636111111111111,1107,3580,673,401,0.19702777777777777,0.7808472222222222,0.9215416666666667,,,,4400,2800,0.17272727272727273,0.2425,-0.06977272727272726
0.4,vision_only,static,l1_unstructured,0.08833333104848862,0.08833333104848862,0.23,0.8304166666666667,0.21107326240064342,4.372769355773926,0.42592793703079224,1.0,0.06255555555555556,1020,4323,733,488,0.15019444444444446,0.7841111111111112,0.9271666666666667,,,,4400,2800,0.07454545454545454,0.11,-0.03545454545454546
0.45,vision_only,static,l1_unstructured,0.028333334252238274,0.028333334252238274,0.11819444444444445,0.81375,0.10770811743283326,4.292434215545654,0.2980111241340637,1.0,0.042722222222222224,647,5008,840,501,0.08805555555555555,0.7037916666666668,0.9227083333333334,,,,4400,2800,0.01818181818181818,0.04428571428571428,-0.0261038961038961
0.5,vision_only,static,l1_unstructured,0.027499999850988388,0.027499999850988388,0.12375,0.8175,0.09160670992066765,4.588301181793213,0.2754797637462616,1.0,0.037722222222222226,693,4995,807,507,0.07713888888888888,0.7648194444444445,0.9225833333333334,,,,4400,2800,0.012045454545454545,0.05178571428571429,-0.03974025974025974
0.55,vision_only,static,l1_unstructured,0.013611110858619213,0.013611110858619213,0.027777777777777776,0.8183333333333334,0.07755901888158234,4.157105922698975,0.22984996438026428,1.0,0.03286111111111111,102,5692,800,508,0.071375,0.8010694444444445,0.9194722222222224,,,,4400,2800,0.022272727272727274,0.0,0.022272727272727274
0.6,vision_only,static,l1_unstructured,0.015694444999098778,0.015694444999098778,0.03222222222222222,0.8191666666666667,0.07225360655963635,4.556888580322266,0.23342545330524445,1.0,0.02827777777777778,119,5666,798,504,0.04988888888888889,0.7085000000000001,0.8475694444444447,,,,4400,2800,0.024772727272727273,0.0014285714285714286,0.023344155844155844
0.65,vision_only,static,l1_unstructured,0.019027777016162872,0.019027777016162872,0.06875,0.6077777777777778,0.07915119419449052,4.832255840301514,0.21797971427440643,1.0,0.026055555555555554,358,3881,720,2104,0.06061111111111111,0.5798749999999999,0.7177083333333333,,,,4400,2800,0.017272727272727273,0.021785714285714287,-0.004512987012987014
0.7,vision_only,static,l1_unstructured,0.014027778059244156,0.014027778059244156,0.0661111111111111,0.6733333333333333,0.07525492162101222,4.217996120452881,0.20178534090518951,1.0,0.023305555555555555,375,4372,777,1575,0.07155555555555557,0.6777222222222222,0.7896666666666667,,,,4400,2800,0.006818181818181818,0.025357142857142856,-0.01853896103896104
0.75,vision_only,static,l1_unstructured,0.013888888992369175,0.013888888992369175,0.08333333333333333,0.8194444444444444,0.07264626414549569,2.417505979537964,0.19278785586357117,1.0,0.021305555555555557,500,5300,800,500,0.065375,0.6719305555555555,0.7632222222222224,,,,4400,2800,0.0,0.03571428571428571,-0.03571428571428571
0.8,vision_only,static,l1_unstructured,0.015138888731598854,0.015138888731598854,0.08333333333333333,0.7580555555555556,0.07280646701395146,4.763040542602539,0.17878004908561707,1.0,0.018666666666666668,491,4858,711,1031,0.055736111111111104,0.5453194444444444,0.7583333333333333,,,,4400,2800,0.0025,0.035,-0.0325
0.85,vision_only,static,l1_unstructured,0.013472221791744232,0.013472221791744232,0.06736111111111111,0.8179166666666666,0.06979336066021,4.838029861450195,0.15884631872177124,1.0,0.015361111111111112,388,5404,811,500,0.07545833333333332,0.7444444444444446,0.9305555555555556,,,,4400,2800,0.016363636363636365,0.008928571428571428,0.007435064935064937
0.9,vision_only,static,l1_unstructured,0.013888888992369175,0.013888888992369175,0.05555555555555555,0.8194444444444444,0.06809737348753121,3.688570261001587,0.14463454484939575,1.0,0.012055555555555555,300,5500,800,500,0.08404166666666665,0.8105833333333334,0.9287222222222222,,,,4400,2800,0.022727272727272728,0.0,0.022727272727272728
