prompt,pruning_level,retrieved_concept,retrieved_img_path,correct,top1_similarity
German Shepherd,0.0,German Shepherd,/home/vmuser/Music/research_project/semantic-dementia-clip-updated/Clip-SD/semantic-dementia-clip-main/data/images/dog_n02106662_n02106662_12.JPEG,True,0.32054123282432556
Tabby Cat,0.0,Tabby Cat,/home/vmuser/Music/research_project/semantic-dementia-clip-updated/Clip-SD/semantic-dementia-clip-main/data/images/cat_n02123045_n02123045_130.JPEG,True,0.297488272190094
Chimpanzee,0.0,Chimpanzee,/home/vmuser/Music/research_project/semantic-dementia-clip-updated/Clip-SD/semantic-dementia-clip-main/data/images/chimpanzee_n02481823_n02481823_161.JPEG,True,0.3073103725910187
King Penguin,0.0,King Penguin,/home/vmuser/Music/research_project/semantic-dementia-clip-updated/Clip-SD/semantic-dementia-clip-main/data/images/king_penguin_n02056570_n02056570_272.JPEG,True,0.3268345594406128
American Alligator,0.0,American Alligator,/home/vmuser/Music/research_project/semantic-dementia-clip-updated/Clip-SD/semantic-dementia-clip-main/data/images/american_alligator_n01698640_n01698640_247.JPEG,True,0.32422196865081787
Bullfrog,0.0,Bullfrog,/home/vmuser/Music/research_project/semantic-dementia-clip-updated/Clip-SD/semantic-dementia-clip-main/data/images/bullfrog_n01641577_n01641577_16.JPEG,True,0.30610233545303345
Goldfish,0.0,Goldfish,/home/vmuser/Music/research_project/semantic-dementia-clip-updated/Clip-SD/semantic-dementia-clip-main/data/images/goldfish_n01443537_n01443537_130.JPEG,True,0.3034827411174774
Monarch Butterfly,0.0,Monarch Butterfly,/home/vmuser/Music/research_project/semantic-dementia-clip-updated/Clip-SD/semantic-dementia-clip-main/data/images/monarch_butterfly_n02279972_n02279972_191.JPEG,True,0.32726573944091797
Lemon,0.0,Lemon,/home/vmuser/Music/research_project/semantic-dementia-clip-updated/Clip-SD/semantic-dementia-clip-main/data/images/lemon_n07749582_n07749582_163.JPEG,True,0.30887866020202637
Banana,0.0,Banana,/home/vmuser/Music/research_project/semantic-dementia-clip-updated/Clip-SD/semantic-dementia-clip-main/data/images/banana_n07753592_n07753592_125.JPEG,True,0.3040339946746826
German Shepherd,0.025,German Shepherd,/home/vmuser/Music/research_project/semantic-dementia-clip-updated/Clip-SD/semantic-dementia-clip-main/data/images/dog_n02106662_n02106662_12.JPEG,True,0.31984883546829224
Tabby Cat,0.025,Tabby Cat,/home/vmuser/Music/research_project/semantic-dementia-clip-updated/Clip-SD/semantic-dementia-clip-main/data/images/cat_n02123045_n02123045_130.JPEG,True,0.2973383367061615
Chimpanzee,0.025,Chimpanzee,/home/vmuser/Music/research_project/semantic-dementia-clip-updated/Clip-SD/semantic-dementia-clip-main/data/images/chimpanzee_n02481823_n02481823_161.JPEG,True,0.30836930871009827
King Penguin,0.025,King Penguin,/home/vmuser/Music/research_project/semantic-dementia-clip-updated/Clip-SD/semantic-dementia-clip-main/data/images/king_penguin_n02056570_n02056570_272.JPEG,True,0.3274614214897156
American Alligator,0.025,American Alligator,/home/vmuser/Music/research_project/semantic-dementia-clip-updated/Clip-SD/semantic-dementia-clip-main/data/images/american_alligator_n01698640_n01698640_247.JPEG,True,0.3248879313468933
Bullfrog,0.025,Bullfrog,/home/vmuser/Music/research_project/semantic-dementia-clip-updated/Clip-SD/semantic-dementia-clip-main/data/images/bullfrog_n01641577_n01641577_16.JPEG,True,0.306302934885025
Goldfish,0.025,Goldfish,/home/vmuser/Music/research_project/semantic-dementia-clip-updated/Clip-SD/semantic-dementia-clip-main/data/images/goldfish_n01443537_n01443537_130.JPEG,True,0.3032761216163635
Monarch Butterfly,0.025,Monarch Butterfly,/home/vmuser/Music/research_project/semantic-dementia-clip-updated/Clip-SD/semantic-dementia-clip-main/data/images/monarch_butterfly_n02279972_n02279972_191.JPEG,True,0.32686054706573486
Lemon,0.025,Lemon,/home/vmuser/Music/research_project/semantic-dementia-clip-updated/Clip-SD/semantic-dementia-clip-main/data/images/lemon_n07749582_n07749582_163.JPEG,True,0.3081784248352051
Banana,0.025,Banana,/home/vmuser/Music/research_project/semantic-dementia-clip-updated/Clip-SD/semantic-dementia-clip-main/data/images/banana_n07753592_n07753592_125.JPEG,True,0.3039948642253876
German Shepherd,0.05,German Shepherd,/home/vmuser/Music/research_project/semantic-dementia-clip-updated/Clip-SD/semantic-dementia-clip-main/data/images/dog_n02106662_n02106662_12.JPEG,True,0.3192846179008484
Tabby Cat,0.05,Tabby Cat,/home/vmuser/Music/research_project/semantic-dementia-clip-updated/Clip-SD/semantic-dementia-clip-main/data/images/cat_n02123045_n02123045_130.JPEG,True,0.29651594161987305
Chimpanzee,0.05,Chimpanzee,/home/vmuser/Music/research_project/semantic-dementia-clip-updated/Clip-SD/semantic-dementia-clip-main/data/images/chimpanzee_n02481823_n02481823_161.JPEG,True,0.3047528862953186
King Penguin,0.05,King Penguin,/home/vmuser/Music/research_project/semantic-dementia-clip-updated/Clip-SD/semantic-dementia-clip-main/data/images/king_penguin_n02056570_n02056570_272.JPEG,True,0.3290807604789734
American Alligator,0.05,American Alligator,/home/vmuser/Music/research_project/semantic-dementia-clip-updated/Clip-SD/semantic-dementia-clip-main/data/images/american_alligator_n01698640_n01698640_247.JPEG,True,0.3245856463909149
Bullfrog,0.05,Bullfrog,/home/vmuser/Music/research_project/semantic-dementia-clip-updated/Clip-SD/semantic-dementia-clip-main/data/images/bullfrog_n01641577_n01641577_16.JPEG,True,0.30503836274147034
Goldfish,0.05,Goldfish,/home/vmuser/Music/research_project/semantic-dementia-clip-updated/Clip-SD/semantic-dementia-clip-main/data/images/goldfish_n01443537_n01443537_130.JPEG,True,0.30377742648124695
Monarch Butterfly,0.05,Monarch Butterfly,/home/vmuser/Music/research_project/semantic-dementia-clip-updated/Clip-SD/semantic-dementia-clip-main/data/images/monarch_butterfly_n02279972_n02279972_191.JPEG,True,0.325293630361557
Lemon,0.05,Lemon,/home/vmuser/Music/research_project/semantic-dementia-clip-updated/Clip-SD/semantic-dementia-clip-main/data/images/lemon_n07749582_n07749582_163.JPEG,True,0.30854952335357666
Banana,0.05,Banana,/home/vmuser/Music/research_project/semantic-dementia-clip-updated/Clip-SD/semantic-dementia-clip-main/data/images/banana_n07753592_n07753592_125.JPEG,True,0.3000136613845825
German Shepherd,0.075,German Shepherd,/home/vmuser/Music/research_project/semantic-dementia-clip-updated/Clip-SD/semantic-dementia-clip-main/data/images/dog_n02106662_n02106662_12.JPEG,True,0.3196589946746826
Tabby Cat,0.075,Tabby Cat,/home/vmuser/Music/research_project/semantic-dementia-clip-updated/Clip-SD/semantic-dementia-clip-main/data/images/cat_n02123045_n02123045_130.JPEG,True,0.2937897741794586
Chimpanzee,0.075,Chimpanzee,/home/vmuser/Music/research_project/semantic-dementia-clip-updated/Clip-SD/semantic-dementia-clip-main/data/images/chimpanzee_n02481823_n02481823_161.JPEG,True,0.3042731285095215
King Penguin,0.075,King Penguin,/home/vmuser/Music/research_project/semantic-dementia-clip-updated/Clip-SD/semantic-dementia-clip-main/data/images/king_penguin_n02056570_n02056570_272.JPEG,True,0.32997214794158936
American Alligator,0.075,American Alligator,/home/vmuser/Music/research_project/semantic-dementia-clip-updated/Clip-SD/semantic-dementia-clip-main/data/images/american_alligator_n01698640_n01698640_247.JPEG,True,0.3233169615268707
Bullfrog,0.075,Bullfrog,/home/vmuser/Music/research_project/semantic-dementia-clip-updated/Clip-SD/semantic-dementia-clip-main/data/images/bullfrog_n01641577_n01641577_167.JPEG,True,0.3064782917499542
Goldfish,0.075,Goldfish,/home/vmuser/Music/research_project/semantic-dementia-clip-updated/Clip-SD/semantic-dementia-clip-main/data/images/goldfish_n01443537_n01443537_130.JPEG,True,0.3076819181442261
Monarch Butterfly,0.075,Monarch Butterfly,/home/vmuser/Music/research_project/semantic-dementia-clip-updated/Clip-SD/semantic-dementia-clip-main/data/images/monarch_butterfly_n02279972_n02279972_253.JPEG,True,0.32385945320129395
Lemon,0.075,Lemon,/home/vmuser/Music/research_project/semantic-dementia-clip-updated/Clip-SD/semantic-dementia-clip-main/data/images/lemon_n07749582_n07749582_163.JPEG,True,0.30835843086242676
Banana,0.075,Banana,/home/vmuser/Music/research_project/semantic-dementia-clip-updated/Clip-SD/semantic-dementia-clip-main/data/images/banana_n07753592_n07753592_125.JPEG,True,0.2969038784503937
German Shepherd,0.1,German Shepherd,/home/vmuser/Music/research_project/semantic-dementia-clip-updated/Clip-SD/semantic-dementia-clip-main/data/images/dog_n02106662_n02106662_12.JPEG,True,0.3219069242477417
Tabby Cat,0.1,Tabby Cat,/home/vmuser/Music/research_project/semantic-dementia-clip-updated/Clip-SD/semantic-dementia-clip-main/data/images/cat_n02123045_n02123045_130.JPEG,True,0.29462897777557373
Chimpanzee,0.1,Chimpanzee,/home/vmuser/Music/research_project/semantic-dementia-clip-updated/Clip-SD/semantic-dementia-clip-main/data/images/chimpanzee_n02481823_n02481823_161.JPEG,True,0.3124939799308777
King Penguin,0.1,King Penguin,/home/vmuser/Music/research_project/semantic-dementia-clip-updated/Clip-SD/semantic-dementia-clip-main/data/images/king_penguin_n02056570_n02056570_272.JPEG,True,0.33063000440597534
American Alligator,0.1,American Alligator,/home/vmuser/Music/research_project/semantic-dementia-clip-updated/Clip-SD/semantic-dementia-clip-main/data/images/american_alligator_n01698640_n01698640_247.JPEG,True,0.32226696610450745
Bullfrog,0.1,Bullfrog,/home/vmuser/Music/research_project/semantic-dementia-clip-updated/Clip-SD/semantic-dementia-clip-main/data/images/bullfrog_n01641577_n01641577_167.JPEG,True,0.30806905031204224
Goldfish,0.1,Goldfish,/home/vmuser/Music/research_project/semantic-dementia-clip-updated/Clip-SD/semantic-dementia-clip-main/data/images/goldfish_n01443537_n01443537_130.JPEG,True,0.3122456669807434
Monarch Butterfly,0.1,Monarch Butterfly,/home/vmuser/Music/research_project/semantic-dementia-clip-updated/Clip-SD/semantic-dementia-clip-main/data/images/monarch_butterfly_n02279972_n02279972_253.JPEG,True,0.3264717161655426
Lemon,0.1,Lemon,/home/vmuser/Music/research_project/semantic-dementia-clip-updated/Clip-SD/semantic-dementia-clip-main/data/images/lemon_n07749582_n07749582_163.JPEG,True,0.31296634674072266
Banana,0.1,Banana,/home/vmuser/Music/research_project/semantic-dementia-clip-updated/Clip-SD/semantic-dementia-clip-main/data/images/banana_n07753592_n07753592_125.JPEG,True,0.30166852474212646
German Shepherd,0.125,German Shepherd,/home/vmuser/Music/research_project/semantic-dementia-clip-updated/Clip-SD/semantic-dementia-clip-main/data/images/dog_n02106662_n02106662_12.JPEG,True,0.31828922033309937
Tabby Cat,0.125,Tabby Cat,/home/vmuser/Music/research_project/semantic-dementia-clip-updated/Clip-SD/semantic-dementia-clip-main/data/images/cat_n02123045_n02123045_130.JPEG,True,0.29290342330932617
Chimpanzee,0.125,Chimpanzee,/home/vmuser/Music/research_project/semantic-dementia-clip-updated/Clip-SD/semantic-dementia-clip-main/data/images/chimpanzee_n02481823_n02481823_133.JPEG,True,0.3144402503967285
King Penguin,0.125,King Penguin,/home/vmuser/Music/research_project/semantic-dementia-clip-updated/Clip-SD/semantic-dementia-clip-main/data/images/king_penguin_n02056570_n02056570_272.JPEG,True,0.33255892992019653
American Alligator,0.125,American Alligator,/home/vmuser/Music/research_project/semantic-dementia-clip-updated/Clip-SD/semantic-dementia-clip-main/data/images/american_alligator_n01698640_n01698640_104.JPEG,True,0.32025009393692017
Bullfrog,0.125,Bullfrog,/home/vmuser/Music/research_project/semantic-dementia-clip-updated/Clip-SD/semantic-dementia-clip-main/data/images/bullfrog_n01641577_n01641577_167.JPEG,True,0.30745017528533936
Goldfish,0.125,Goldfish,/home/vmuser/Music/research_project/semantic-dementia-clip-updated/Clip-SD/semantic-dementia-clip-main/data/images/goldfish_n01443537_n01443537_130.JPEG,True,0.3114641308784485
Monarch Butterfly,0.125,Monarch Butterfly,/home/vmuser/Music/research_project/semantic-dementia-clip-updated/Clip-SD/semantic-dementia-clip-main/data/images/monarch_butterfly_n02279972_n02279972_253.JPEG,True,0.3257806599140167
Lemon,0.125,Lemon,/home/vmuser/Music/research_project/semantic-dementia-clip-updated/Clip-SD/semantic-dementia-clip-main/data/images/lemon_n07749582_n07749582_13.JPEG,True,0.3166784644126892
Banana,0.125,Banana,/home/vmuser/Music/research_project/semantic-dementia-clip-updated/Clip-SD/semantic-dementia-clip-main/data/images/banana_n07753592_n07753592_125.JPEG,True,0.3174891471862793
German Shepherd,0.15,German Shepherd,/home/vmuser/Music/research_project/semantic-dementia-clip-updated/Clip-SD/semantic-dementia-clip-main/data/images/dog_n02106662_n02106662_12.JPEG,True,0.31960374116897583
Tabby Cat,0.15,Tabby Cat,/home/vmuser/Music/research_project/semantic-dementia-clip-updated/Clip-SD/semantic-dementia-clip-main/data/images/cat_n02123045_n02123045_130.JPEG,True,0.2962073087692261
Chimpanzee,0.15,Chimpanzee,/home/vmuser/Music/research_project/semantic-dementia-clip-updated/Clip-SD/semantic-dementia-clip-main/data/images/chimpanzee_n02481823_n02481823_120.JPEG,True,0.3209582269191742
King Penguin,0.15,King Penguin,/home/vmuser/Music/research_project/semantic-dementia-clip-updated/Clip-SD/semantic-dementia-clip-main/data/images/king_penguin_n02056570_n02056570_272.JPEG,True,0.3351234197616577
American Alligator,0.15,American Alligator,/home/vmuser/Music/research_project/semantic-dementia-clip-updated/Clip-SD/semantic-dementia-clip-main/data/images/american_alligator_n01698640_n01698640_209.JPEG,True,0.32572123408317566
Bullfrog,0.15,Bullfrog,/home/vmuser/Music/research_project/semantic-dementia-clip-updated/Clip-SD/semantic-dementia-clip-main/data/images/bullfrog_n01641577_n01641577_16.JPEG,True,0.3143313527107239
Goldfish,0.15,Goldfish,/home/vmuser/Music/research_project/semantic-dementia-clip-updated/Clip-SD/semantic-dementia-clip-main/data/images/goldfish_n01443537_n01443537_130.JPEG,True,0.31472986936569214
Monarch Butterfly,0.15,Monarch Butterfly,/home/vmuser/Music/research_project/semantic-dementia-clip-updated/Clip-SD/semantic-dementia-clip-main/data/images/monarch_butterfly_n02279972_n02279972_253.JPEG,True,0.32386839389801025
Lemon,0.15,Lemon,/home/vmuser/Music/research_project/semantic-dementia-clip-updated/Clip-SD/semantic-dementia-clip-main/data/images/lemon_n07749582_n07749582_13.JPEG,True,0.320431649684906
Banana,0.15,Banana,/home/vmuser/Music/research_project/semantic-dementia-clip-updated/Clip-SD/semantic-dementia-clip-main/data/images/banana_n07753592_n07753592_125.JPEG,True,0.3220042288303375
German Shepherd,0.175,German Shepherd,/home/vmuser/Music/research_project/semantic-dementia-clip-updated/Clip-SD/semantic-dementia-clip-main/data/images/dog_n02106662_n02106662_12.JPEG,True,0.31312304735183716
Tabby Cat,0.175,Tabby Cat,/home/vmuser/Music/research_project/semantic-dementia-clip-updated/Clip-SD/semantic-dementia-clip-main/data/images/cat_n02123045_n02123045_125.JPEG,True,0.2922845482826233
Chimpanzee,0.175,Chimpanzee,/home/vmuser/Music/research_project/semantic-dementia-clip-updated/Clip-SD/semantic-dementia-clip-main/data/images/chimpanzee_n02481823_n02481823_133.JPEG,True,0.3161327540874481
King Penguin,0.175,King Penguin,/home/vmuser/Music/research_project/semantic-dementia-clip-updated/Clip-SD/semantic-dementia-clip-main/data/images/king_penguin_n02056570_n02056570_272.JPEG,True,0.33464717864990234
American Alligator,0.175,American Alligator,/home/vmuser/Music/research_project/semantic-dementia-clip-updated/Clip-SD/semantic-dementia-clip-main/data/images/american_alligator_n01698640_n01698640_209.JPEG,True,0.322121262550354
Bullfrog,0.175,Bullfrog,/home/vmuser/Music/research_project/semantic-dementia-clip-updated/Clip-SD/semantic-dementia-clip-main/data/images/bullfrog_n01641577_n01641577_16.JPEG,True,0.3099920153617859
Goldfish,0.175,Goldfish,/home/vmuser/Music/research_project/semantic-dementia-clip-updated/Clip-SD/semantic-dementia-clip-main/data/images/goldfish_n01443537_n01443537_130.JPEG,True,0.3142756223678589
Monarch Butterfly,0.175,Monarch Butterfly,/home/vmuser/Music/research_project/semantic-dementia-clip-updated/Clip-SD/semantic-dementia-clip-main/data/images/monarch_butterfly_n02279972_n02279972_253.JPEG,True,0.32002127170562744
Lemon,0.175,Lemon,/home/vmuser/Music/research_project/semantic-dementia-clip-updated/Clip-SD/semantic-dementia-clip-main/data/images/lemon_n07749582_n07749582_13.JPEG,True,0.32332879304885864
Banana,0.175,Banana,/home/vmuser/Music/research_project/semantic-dementia-clip-updated/Clip-SD/semantic-dementia-clip-main/data/images/banana_n07753592_n07753592_146.JPEG,True,0.32122495770454407
German Shepherd,0.2,German Shepherd,/home/vmuser/Music/research_project/semantic-dementia-clip-updated/Clip-SD/semantic-dementia-clip-main/data/images/dog_n02106662_n02106662_14.JPEG,True,0.30384886264801025
Tabby Cat,0.2,Tabby Cat,/home/vmuser/Music/research_project/semantic-dementia-clip-updated/Clip-SD/semantic-dementia-clip-main/data/images/cat_n02123045_n02123045_125.JPEG,True,0.2914508879184723
Chimpanzee,0.2,Chimpanzee,/home/vmuser/Music/research_project/semantic-dementia-clip-updated/Clip-SD/semantic-dementia-clip-main/data/images/chimpanzee_n02481823_n02481823_107.JPEG,True,0.30657583475112915
King Penguin,0.2,King Penguin,/home/vmuser/Music/research_project/semantic-dementia-clip-updated/Clip-SD/semantic-dementia-clip-main/data/images/king_penguin_n02056570_n02056570_249.JPEG,True,0.3351086378097534
American Alligator,0.2,American Alligator,/home/vmuser/Music/research_project/semantic-dementia-clip-updated/Clip-SD/semantic-dementia-clip-main/data/images/american_alligator_n01698640_n01698640_209.JPEG,True,0.3210010826587677
Bullfrog,0.2,Bullfrog,/home/vmuser/Music/research_project/semantic-dementia-clip-updated/Clip-SD/semantic-dementia-clip-main/data/images/bullfrog_n01641577_n01641577_16.JPEG,True,0.3091887831687927
Goldfish,0.2,Goldfish,/home/vmuser/Music/research_project/semantic-dementia-clip-updated/Clip-SD/semantic-dementia-clip-main/data/images/goldfish_n01443537_n01443537_130.JPEG,True,0.3145603537559509
Monarch Butterfly,0.2,Monarch Butterfly,/home/vmuser/Music/research_project/semantic-dementia-clip-updated/Clip-SD/semantic-dementia-clip-main/data/images/monarch_butterfly_n02279972_n02279972_209.JPEG,True,0.32134029269218445
Lemon,0.2,Lemon,/home/vmuser/Music/research_project/semantic-dementia-clip-updated/Clip-SD/semantic-dementia-clip-main/data/images/lemon_n07749582_n07749582_13.JPEG,True,0.31895115971565247
Banana,0.2,Banana,/home/vmuser/Music/research_project/semantic-dementia-clip-updated/Clip-SD/semantic-dementia-clip-main/data/images/banana_n07753592_n07753592_146.JPEG,True,0.3218589127063751
German Shepherd,0.225,German Shepherd,/home/vmuser/Music/research_project/semantic-dementia-clip-updated/Clip-SD/semantic-dementia-clip-main/data/images/dog_n02106662_n02106662_14.JPEG,True,0.3058112561702728
Tabby Cat,0.225,Tabby Cat,/home/vmuser/Music/research_project/semantic-dementia-clip-updated/Clip-SD/semantic-dementia-clip-main/data/images/cat_n02123045_n02123045_125.JPEG,True,0.2881341874599457
Chimpanzee,0.225,Chimpanzee,/home/vmuser/Music/research_project/semantic-dementia-clip-updated/Clip-SD/semantic-dementia-clip-main/data/images/chimpanzee_n02481823_n02481823_107.JPEG,True,0.306673139333725
King Penguin,0.225,King Penguin,/home/vmuser/Music/research_project/semantic-dementia-clip-updated/Clip-SD/semantic-dementia-clip-main/data/images/king_penguin_n02056570_n02056570_272.JPEG,True,0.3337903618812561
American Alligator,0.225,American Alligator,/home/vmuser/Music/research_project/semantic-dementia-clip-updated/Clip-SD/semantic-dementia-clip-main/data/images/american_alligator_n01698640_n01698640_209.JPEG,True,0.31220442056655884
Bullfrog,0.225,Bullfrog,/home/vmuser/Music/research_project/semantic-dementia-clip-updated/Clip-SD/semantic-dementia-clip-main/data/images/bullfrog_n01641577_n01641577_142.JPEG,True,0.30554652214050293
Goldfish,0.225,Goldfish,/home/vmuser/Music/research_project/semantic-dementia-clip-updated/Clip-SD/semantic-dementia-clip-main/data/images/goldfish_n01443537_n01443537_130.JPEG,True,0.31014299392700195
Monarch Butterfly,0.225,Monarch Butterfly,/home/vmuser/Music/research_project/semantic-dementia-clip-updated/Clip-SD/semantic-dementia-clip-main/data/images/monarch_butterfly_n02279972_n02279972_208.JPEG,True,0.3233835995197296
Lemon,0.225,Lemon,/home/vmuser/Music/research_project/semantic-dementia-clip-updated/Clip-SD/semantic-dementia-clip-main/data/images/lemon_n07749582_n07749582_13.JPEG,True,0.31708404421806335
Banana,0.225,Banana,/home/vmuser/Music/research_project/semantic-dementia-clip-updated/Clip-SD/semantic-dementia-clip-main/data/images/banana_n07753592_n07753592_125.JPEG,True,0.3183327913284302
German Shepherd,0.25,German Shepherd,/home/vmuser/Music/research_project/semantic-dementia-clip-updated/Clip-SD/semantic-dementia-clip-main/data/images/dog_n02106662_n02106662_14.JPEG,True,0.2970680892467499
Tabby Cat,0.25,Tabby Cat,/home/vmuser/Music/research_project/semantic-dementia-clip-updated/Clip-SD/semantic-dementia-clip-main/data/images/cat_n02123045_n02123045_125.JPEG,True,0.2797798216342926
Chimpanzee,0.25,Chimpanzee,/home/vmuser/Music/research_project/semantic-dementia-clip-updated/Clip-SD/semantic-dementia-clip-main/data/images/chimpanzee_n02481823_n02481823_0.JPEG,True,0.29690563678741455
King Penguin,0.25,King Penguin,/home/vmuser/Music/research_project/semantic-dementia-clip-updated/Clip-SD/semantic-dementia-clip-main/data/images/king_penguin_n02056570_n02056570_263.JPEG,True,0.3196749687194824
American Alligator,0.25,American Alligator,/home/vmuser/Music/research_project/semantic-dementia-clip-updated/Clip-SD/semantic-dementia-clip-main/data/images/american_alligator_n01698640_n01698640_209.JPEG,True,0.29844731092453003
Bullfrog,0.25,Bullfrog,/home/vmuser/Music/research_project/semantic-dementia-clip-updated/Clip-SD/semantic-dementia-clip-main/data/images/bullfrog_n01641577_n01641577_185.JPEG,True,0.2969490885734558
Goldfish,0.25,Goldfish,/home/vmuser/Music/research_project/semantic-dementia-clip-updated/Clip-SD/semantic-dementia-clip-main/data/images/goldfish_n01443537_n01443537_130.JPEG,True,0.29598647356033325
Monarch Butterfly,0.25,Monarch Butterfly,/home/vmuser/Music/research_project/semantic-dementia-clip-updated/Clip-SD/semantic-dementia-clip-main/data/images/monarch_butterfly_n02279972_n02279972_209.JPEG,True,0.3087085485458374
Lemon,0.25,Lemon,/home/vmuser/Music/research_project/semantic-dementia-clip-updated/Clip-SD/semantic-dementia-clip-main/data/images/lemon_n07749582_n07749582_174.JPEG,True,0.30674123764038086
Banana,0.25,Banana,/home/vmuser/Music/research_project/semantic-dementia-clip-updated/Clip-SD/semantic-dementia-clip-main/data/images/banana_n07753592_n07753592_125.JPEG,True,0.31297457218170166
German Shepherd,0.275,German Shepherd,/home/vmuser/Music/research_project/semantic-dementia-clip-updated/Clip-SD/semantic-dementia-clip-main/data/images/dog_n02106662_n02106662_145.JPEG,True,0.28277844190597534
Tabby Cat,0.275,Tabby Cat,/home/vmuser/Music/research_project/semantic-dementia-clip-updated/Clip-SD/semantic-dementia-clip-main/data/images/cat_n02123045_n02123045_125.JPEG,True,0.266297310590744
Chimpanzee,0.275,Chimpanzee,/home/vmuser/Music/research_project/semantic-dementia-clip-updated/Clip-SD/semantic-dementia-clip-main/data/images/chimpanzee_n02481823_n02481823_0.JPEG,True,0.28047487139701843
King Penguin,0.275,King Penguin,/home/vmuser/Music/research_project/semantic-dementia-clip-updated/Clip-SD/semantic-dementia-clip-main/data/images/king_penguin_n02056570_n02056570_228.JPEG,True,0.30577051639556885
American Alligator,0.275,Bullfrog,/home/vmuser/Music/research_project/semantic-dementia-clip-updated/Clip-SD/semantic-dementia-clip-main/data/images/bullfrog_n01641577_n01641577_107.JPEG,False,0.28419095277786255
Bullfrog,0.275,Bullfrog,/home/vmuser/Music/research_project/semantic-dementia-clip-updated/Clip-SD/semantic-dementia-clip-main/data/images/bullfrog_n01641577_n01641577_142.JPEG,True,0.28053343296051025
Goldfish,0.275,Goldfish,/home/vmuser/Music/research_project/semantic-dementia-clip-updated/Clip-SD/semantic-dementia-clip-main/data/images/goldfish_n01443537_n01443537_177.JPEG,True,0.2772502601146698
Monarch Butterfly,0.275,Monarch Butterfly,/home/vmuser/Music/research_project/semantic-dementia-clip-updated/Clip-SD/semantic-dementia-clip-main/data/images/monarch_butterfly_n02279972_n02279972_209.JPEG,True,0.2992623448371887
Lemon,0.275,Lemon,/home/vmuser/Music/research_project/semantic-dementia-clip-updated/Clip-SD/semantic-dementia-clip-main/data/images/lemon_n07749582_n07749582_174.JPEG,True,0.2905466854572296
Banana,0.275,Banana,/home/vmuser/Music/research_project/semantic-dementia-clip-updated/Clip-SD/semantic-dementia-clip-main/data/images/banana_n07753592_n07753592_125.JPEG,True,0.29660460352897644
German Shepherd,0.3,German Shepherd,/home/vmuser/Music/research_project/semantic-dementia-clip-updated/Clip-SD/semantic-dementia-clip-main/data/images/dog_n02106662_n02106662_145.JPEG,True,0.2740744948387146
Tabby Cat,0.3,Tabby Cat,/home/vmuser/Music/research_project/semantic-dementia-clip-updated/Clip-SD/semantic-dementia-clip-main/data/images/cat_n02123045_n02123045_125.JPEG,True,0.25889408588409424
Chimpanzee,0.3,Chimpanzee,/home/vmuser/Music/research_project/semantic-dementia-clip-updated/Clip-SD/semantic-dementia-clip-main/data/images/chimpanzee_n02481823_n02481823_107.JPEG,True,0.272948682308197
King Penguin,0.3,King Penguin,/home/vmuser/Music/research_project/semantic-dementia-clip-updated/Clip-SD/semantic-dementia-clip-main/data/images/king_penguin_n02056570_n02056570_277.JPEG,True,0.2950783371925354
American Alligator,0.3,Bullfrog,/home/vmuser/Music/research_project/semantic-dementia-clip-updated/Clip-SD/semantic-dementia-clip-main/data/images/bullfrog_n01641577_n01641577_107.JPEG,False,0.27108821272850037
Bullfrog,0.3,Bullfrog,/home/vmuser/Music/research_project/semantic-dementia-clip-updated/Clip-SD/semantic-dementia-clip-main/data/images/bullfrog_n01641577_n01641577_123.JPEG,True,0.26026472449302673
Goldfish,0.3,Goldfish,/home/vmuser/Music/research_project/semantic-dementia-clip-updated/Clip-SD/semantic-dementia-clip-main/data/images/goldfish_n01443537_n01443537_177.JPEG,True,0.2699136435985565
Monarch Butterfly,0.3,Monarch Butterfly,/home/vmuser/Music/research_project/semantic-dementia-clip-updated/Clip-SD/semantic-dementia-clip-main/data/images/monarch_butterfly_n02279972_n02279972_209.JPEG,True,0.286224365234375
Lemon,0.3,Lemon,/home/vmuser/Music/research_project/semantic-dementia-clip-updated/Clip-SD/semantic-dementia-clip-main/data/images/lemon_n07749582_n07749582_124.JPEG,True,0.2724927067756653
Banana,0.3,Banana,/home/vmuser/Music/research_project/semantic-dementia-clip-updated/Clip-SD/semantic-dementia-clip-main/data/images/banana_n07753592_n07753592_125.JPEG,True,0.28053849935531616
German Shepherd,0.325,German Shepherd,/home/vmuser/Music/research_project/semantic-dementia-clip-updated/Clip-SD/semantic-dementia-clip-main/data/images/dog_n02106662_n02106662_145.JPEG,True,0.2547147274017334
Tabby Cat,0.325,Tabby Cat,/home/vmuser/Music/research_project/semantic-dementia-clip-updated/Clip-SD/semantic-dementia-clip-main/data/images/cat_n02123045_n02123045_125.JPEG,True,0.24496322870254517
Chimpanzee,0.325,Chimpanzee,/home/vmuser/Music/research_project/semantic-dementia-clip-updated/Clip-SD/semantic-dementia-clip-main/data/images/chimpanzee_n02481823_n02481823_107.JPEG,True,0.2645803987979889
King Penguin,0.325,King Penguin,/home/vmuser/Music/research_project/semantic-dementia-clip-updated/Clip-SD/semantic-dementia-clip-main/data/images/king_penguin_n02056570_n02056570_277.JPEG,True,0.2788832485675812
American Alligator,0.325,Bullfrog,/home/vmuser/Music/research_project/semantic-dementia-clip-updated/Clip-SD/semantic-dementia-clip-main/data/images/bullfrog_n01641577_n01641577_125.JPEG,False,0.2503344714641571
Bullfrog,0.325,Bullfrog,/home/vmuser/Music/research_project/semantic-dementia-clip-updated/Clip-SD/semantic-dementia-clip-main/data/images/bullfrog_n01641577_n01641577_148.JPEG,True,0.2422029972076416
Goldfish,0.325,Goldfish,/home/vmuser/Music/research_project/semantic-dementia-clip-updated/Clip-SD/semantic-dementia-clip-main/data/images/goldfish_n01443537_n01443537_177.JPEG,True,0.2452942430973053
Monarch Butterfly,0.325,Monarch Butterfly,/home/vmuser/Music/research_project/semantic-dementia-clip-updated/Clip-SD/semantic-dementia-clip-main/data/images/monarch_butterfly_n02279972_n02279972_209.JPEG,True,0.2765817940235138
Lemon,0.325,Lemon,/home/vmuser/Music/research_project/semantic-dementia-clip-updated/Clip-SD/semantic-dementia-clip-main/data/images/lemon_n07749582_n07749582_13.JPEG,True,0.2480611652135849
Banana,0.325,Banana,/home/vmuser/Music/research_project/semantic-dementia-clip-updated/Clip-SD/semantic-dementia-clip-main/data/images/banana_n07753592_n07753592_125.JPEG,True,0.2530617415904999
German Shepherd,0.35,German Shepherd,/home/vmuser/Music/research_project/semantic-dementia-clip-updated/Clip-SD/semantic-dementia-clip-main/data/images/dog_n02106662_n02106662_100.JPEG,True,0.2374725639820099
Tabby Cat,0.35,Tabby Cat,/home/vmuser/Music/research_project/semantic-dementia-clip-updated/Clip-SD/semantic-dementia-clip-main/data/images/cat_n02123045_n02123045_125.JPEG,True,0.22337479889392853
Chimpanzee,0.35,Chimpanzee,/home/vmuser/Music/research_project/semantic-dementia-clip-updated/Clip-SD/semantic-dementia-clip-main/data/images/chimpanzee_n02481823_n02481823_107.JPEG,True,0.2515951991081238
King Penguin,0.35,King Penguin,/home/vmuser/Music/research_project/semantic-dementia-clip-updated/Clip-SD/semantic-dementia-clip-main/data/images/king_penguin_n02056570_n02056570_277.JPEG,True,0.25572019815444946
American Alligator,0.35,Bullfrog,/home/vmuser/Music/research_project/semantic-dementia-clip-updated/Clip-SD/semantic-dementia-clip-main/data/images/bullfrog_n01641577_n01641577_125.JPEG,False,0.2225220501422882
Bullfrog,0.35,Bullfrog,/home/vmuser/Music/research_project/semantic-dementia-clip-updated/Clip-SD/semantic-dementia-clip-main/data/images/bullfrog_n01641577_n01641577_148.JPEG,True,0.2284390926361084
Goldfish,0.35,Goldfish,/home/vmuser/Music/research_project/semantic-dementia-clip-updated/Clip-SD/semantic-dementia-clip-main/data/images/goldfish_n01443537_n01443537_177.JPEG,True,0.22922064363956451
Monarch Butterfly,0.35,Monarch Butterfly,/home/vmuser/Music/research_project/semantic-dementia-clip-updated/Clip-SD/semantic-dementia-clip-main/data/images/monarch_butterfly_n02279972_n02279972_265.JPEG,True,0.2665424644947052
Lemon,0.35,Lemon,/home/vmuser/Music/research_project/semantic-dementia-clip-updated/Clip-SD/semantic-dementia-clip-main/data/images/lemon_n07749582_n07749582_124.JPEG,True,0.22750705480575562
Banana,0.35,Banana,/home/vmuser/Music/research_project/semantic-dementia-clip-updated/Clip-SD/semantic-dementia-clip-main/data/images/banana_n07753592_n07753592_125.JPEG,True,0.23397621512413025
German Shepherd,0.375,German Shepherd,/home/vmuser/Music/research_project/semantic-dementia-clip-updated/Clip-SD/semantic-dementia-clip-main/data/images/dog_n02106662_n02106662_11.JPEG,True,0.22274312376976013
Tabby Cat,0.375,Tabby Cat,/home/vmuser/Music/research_project/semantic-dementia-clip-updated/Clip-SD/semantic-dementia-clip-main/data/images/cat_n02123045_n02123045_142.JPEG,True,0.2211969643831253
Chimpanzee,0.375,Chimpanzee,/home/vmuser/Music/research_project/semantic-dementia-clip-updated/Clip-SD/semantic-dementia-clip-main/data/images/chimpanzee_n02481823_n02481823_107.JPEG,True,0.23246219754219055
King Penguin,0.375,King Penguin,/home/vmuser/Music/research_project/semantic-dementia-clip-updated/Clip-SD/semantic-dementia-clip-main/data/images/king_penguin_n02056570_n02056570_101.JPEG,True,0.23488889634609222
American Alligator,0.375,Bullfrog,/home/vmuser/Music/research_project/semantic-dementia-clip-updated/Clip-SD/semantic-dementia-clip-main/data/images/bullfrog_n01641577_n01641577_125.JPEG,False,0.21019169688224792
Bullfrog,0.375,Goldfish,/home/vmuser/Music/research_project/semantic-dementia-clip-updated/Clip-SD/semantic-dementia-clip-main/data/images/goldfish_n01443537_n01443537_180.JPEG,False,0.22362789511680603
Goldfish,0.375,Goldfish,/home/vmuser/Music/research_project/semantic-dementia-clip-updated/Clip-SD/semantic-dementia-clip-main/data/images/goldfish_n01443537_n01443537_177.JPEG,True,0.1975768804550171
Monarch Butterfly,0.375,Monarch Butterfly,/home/vmuser/Music/research_project/semantic-dementia-clip-updated/Clip-SD/semantic-dementia-clip-main/data/images/monarch_butterfly_n02279972_n02279972_265.JPEG,True,0.24805839359760284
Lemon,0.375,Lemon,/home/vmuser/Music/research_project/semantic-dementia-clip-updated/Clip-SD/semantic-dementia-clip-main/data/images/lemon_n07749582_n07749582_124.JPEG,True,0.2068369835615158
Banana,0.375,Banana,/home/vmuser/Music/research_project/semantic-dementia-clip-updated/Clip-SD/semantic-dementia-clip-main/data/images/banana_n07753592_n07753592_187.JPEG,True,0.20872762799263
German Shepherd,0.4,German Shepherd,/home/vmuser/Music/research_project/semantic-dementia-clip-updated/Clip-SD/semantic-dementia-clip-main/data/images/dog_n02106662_n02106662_11.JPEG,True,0.21609511971473694
Tabby Cat,0.4,Tabby Cat,/home/vmuser/Music/research_project/semantic-dementia-clip-updated/Clip-SD/semantic-dementia-clip-main/data/images/cat_n02123045_n02123045_142.JPEG,True,0.19897420704364777
Chimpanzee,0.4,Chimpanzee,/home/vmuser/Music/research_project/semantic-dementia-clip-updated/Clip-SD/semantic-dementia-clip-main/data/images/chimpanzee_n02481823_n02481823_107.JPEG,True,0.19728462398052216
King Penguin,0.4,King Penguin,/home/vmuser/Music/research_project/semantic-dementia-clip-updated/Clip-SD/semantic-dementia-clip-main/data/images/king_penguin_n02056570_n02056570_101.JPEG,True,0.21474608778953552
American Alligator,0.4,King Penguin,/home/vmuser/Music/research_project/semantic-dementia-clip-updated/Clip-SD/semantic-dementia-clip-main/data/images/king_penguin_n02056570_n02056570_113.JPEG,False,0.1894984245300293
Bullfrog,0.4,Goldfish,/home/vmuser/Music/research_project/semantic-dementia-clip-updated/Clip-SD/semantic-dementia-clip-main/data/images/goldfish_n01443537_n01443537_180.JPEG,False,0.20706342160701752
Goldfish,0.4,Goldfish,/home/vmuser/Music/research_project/semantic-dementia-clip-updated/Clip-SD/semantic-dementia-clip-main/data/images/goldfish_n01443537_n01443537_179.JPEG,True,0.183637797832489
Monarch Butterfly,0.4,Monarch Butterfly,/home/vmuser/Music/research_project/semantic-dementia-clip-updated/Clip-SD/semantic-dementia-clip-main/data/images/monarch_butterfly_n02279972_n02279972_265.JPEG,True,0.2252877950668335
Lemon,0.4,Lemon,/home/vmuser/Music/research_project/semantic-dementia-clip-updated/Clip-SD/semantic-dementia-clip-main/data/images/lemon_n07749582_n07749582_124.JPEG,True,0.2021935135126114
Banana,0.4,Banana,/home/vmuser/Music/research_project/semantic-dementia-clip-updated/Clip-SD/semantic-dementia-clip-main/data/images/banana_n07753592_n07753592_187.JPEG,True,0.17708344757556915
German Shepherd,0.425,German Shepherd,/home/vmuser/Music/research_project/semantic-dementia-clip-updated/Clip-SD/semantic-dementia-clip-main/data/images/dog_n02106662_n02106662_153.JPEG,True,0.1897241175174713
Tabby Cat,0.425,German Shepherd,/home/vmuser/Music/research_project/semantic-dementia-clip-updated/Clip-SD/semantic-dementia-clip-main/data/images/dog_n02106662_n02106662_141.JPEG,False,0.17528106272220612
Chimpanzee,0.425,Chimpanzee,/home/vmuser/Music/research_project/semantic-dementia-clip-updated/Clip-SD/semantic-dementia-clip-main/data/images/chimpanzee_n02481823_n02481823_147.JPEG,True,0.15042635798454285
King Penguin,0.425,King Penguin,/home/vmuser/Music/research_project/semantic-dementia-clip-updated/Clip-SD/semantic-dementia-clip-main/data/images/king_penguin_n02056570_n02056570_101.JPEG,True,0.17872527241706848
American Alligator,0.425,Goldfish,/home/vmuser/Music/research_project/semantic-dementia-clip-updated/Clip-SD/semantic-dementia-clip-main/data/images/goldfish_n01443537_n01443537_179.JPEG,False,0.18693807721138
Bullfrog,0.425,Goldfish,/home/vmuser/Music/research_project/semantic-dementia-clip-updated/Clip-SD/semantic-dementia-clip-main/data/images/goldfish_n01443537_n01443537_179.JPEG,False,0.18581247329711914
Goldfish,0.425,Goldfish,/home/vmuser/Music/research_project/semantic-dementia-clip-updated/Clip-SD/semantic-dementia-clip-main/data/images/goldfish_n01443537_n01443537_179.JPEG,True,0.1646239310503006
Monarch Butterfly,0.425,Monarch Butterfly,/home/vmuser/Music/research_project/semantic-dementia-clip-updated/Clip-SD/semantic-dementia-clip-main/data/images/monarch_butterfly_n02279972_n02279972_122.JPEG,True,0.17872904241085052
Lemon,0.425,Lemon,/home/vmuser/Music/research_project/semantic-dementia-clip-updated/Clip-SD/semantic-dementia-clip-main/data/images/lemon_n07749582_n07749582_139.JPEG,True,0.1824416220188141
Banana,0.425,Lemon,/home/vmuser/Music/research_project/semantic-dementia-clip-updated/Clip-SD/semantic-dementia-clip-main/data/images/lemon_n07749582_n07749582_161.JPEG,False,0.1528477966785431
German Shepherd,0.45,German Shepherd,/home/vmuser/Music/research_project/semantic-dementia-clip-updated/Clip-SD/semantic-dementia-clip-main/data/images/dog_n02106662_n02106662_164.JPEG,True,0.12674373388290405
Tabby Cat,0.45,King Penguin,/home/vmuser/Music/research_project/semantic-dementia-clip-updated/Clip-SD/semantic-dementia-clip-main/data/images/king_penguin_n02056570_n02056570_277.JPEG,False,0.15214258432388306
Chimpanzee,0.45,Monarch Butterfly,/home/vmuser/Music/research_project/semantic-dementia-clip-updated/Clip-SD/semantic-dementia-clip-main/data/images/monarch_butterfly_n02279972_n02279972_21.JPEG,False,0.11518729478120804
King Penguin,0.45,King Penguin,/home/vmuser/Music/research_project/semantic-dementia-clip-updated/Clip-SD/semantic-dementia-clip-main/data/images/king_penguin_n02056570_n02056570_277.JPEG,True,0.12979796528816223
American Alligator,0.45,Goldfish,/home/vmuser/Music/research_project/semantic-dementia-clip-updated/Clip-SD/semantic-dementia-clip-main/data/images/goldfish_n01443537_n01443537_179.JPEG,False,0.1512840837240219
Bullfrog,0.45,Banana,/home/vmuser/Music/research_project/semantic-dementia-clip-updated/Clip-SD/semantic-dementia-clip-main/data/images/banana_n07753592_n07753592_101.JPEG,False,0.14497143030166626
Goldfish,0.45,Lemon,/home/vmuser/Music/research_project/semantic-dementia-clip-updated/Clip-SD/semantic-dementia-clip-main/data/images/lemon_n07749582_n07749582_11.JPEG,False,0.1285834014415741
Monarch Butterfly,0.45,Lemon,/home/vmuser/Music/research_project/semantic-dementia-clip-updated/Clip-SD/semantic-dementia-clip-main/data/images/lemon_n07749582_n07749582_170.JPEG,False,0.13033190369606018
Lemon,0.45,Lemon,/home/vmuser/Music/research_project/semantic-dementia-clip-updated/Clip-SD/semantic-dementia-clip-main/data/images/lemon_n07749582_n07749582_188.JPEG,True,0.13815391063690186
Banana,0.45,Lemon,/home/vmuser/Music/research_project/semantic-dementia-clip-updated/Clip-SD/semantic-dementia-clip-main/data/images/lemon_n07749582_n07749582_153.JPEG,False,0.10442601889371872
German Shepherd,0.475,Banana,/home/vmuser/Music/research_project/semantic-dementia-clip-updated/Clip-SD/semantic-dementia-clip-main/data/images/banana_n07753592_n07753592_186.JPEG,False,0.11538941413164139
Tabby Cat,0.475,Goldfish,/home/vmuser/Music/research_project/semantic-dementia-clip-updated/Clip-SD/semantic-dementia-clip-main/data/images/goldfish_n01443537_n01443537_179.JPEG,False,0.1493922770023346
Chimpanzee,0.475,Lemon,/home/vmuser/Music/research_project/semantic-dementia-clip-updated/Clip-SD/semantic-dementia-clip-main/data/images/lemon_n07749582_n07749582_11.JPEG,False,0.11339087039232254
King Penguin,0.475,King Penguin,/home/vmuser/Music/research_project/semantic-dementia-clip-updated/Clip-SD/semantic-dementia-clip-main/data/images/king_penguin_n02056570_n02056570_277.JPEG,True,0.11459554731845856
American Alligator,0.475,Goldfish,/home/vmuser/Music/research_project/semantic-dementia-clip-updated/Clip-SD/semantic-dementia-clip-main/data/images/goldfish_n01443537_n01443537_120.JPEG,False,0.1379745602607727
Bullfrog,0.475,Banana,/home/vmuser/Music/research_project/semantic-dementia-clip-updated/Clip-SD/semantic-dementia-clip-main/data/images/banana_n07753592_n07753592_101.JPEG,False,0.12222185730934143
Goldfish,0.475,Lemon,/home/vmuser/Music/research_project/semantic-dementia-clip-updated/Clip-SD/semantic-dementia-clip-main/data/images/lemon_n07749582_n07749582_11.JPEG,False,0.11622542142868042
Monarch Butterfly,0.475,Lemon,/home/vmuser/Music/research_project/semantic-dementia-clip-updated/Clip-SD/semantic-dementia-clip-main/data/images/lemon_n07749582_n07749582_170.JPEG,False,0.12524330615997314
Lemon,0.475,Banana,/home/vmuser/Music/research_project/semantic-dementia-clip-updated/Clip-SD/semantic-dementia-clip-main/data/images/banana_n07753592_n07753592_16.JPEG,False,0.10857042670249939
Banana,0.475,Lemon,/home/vmuser/Music/research_project/semantic-dementia-clip-updated/Clip-SD/semantic-dementia-clip-main/data/images/lemon_n07749582_n07749582_11.JPEG,False,0.09406524151563644
German Shepherd,0.5,Goldfish,/home/vmuser/Music/research_project/semantic-dementia-clip-updated/Clip-SD/semantic-dementia-clip-main/data/images/goldfish_n01443537_n01443537_120.JPEG,False,0.094940684735775
Tabby Cat,0.5,Goldfish,/home/vmuser/Music/research_project/semantic-dementia-clip-updated/Clip-SD/semantic-dementia-clip-main/data/images/goldfish_n01443537_n01443537_260.JPEG,False,0.1114824116230011
Chimpanzee,0.5,Lemon,/home/vmuser/Music/research_project/semantic-dementia-clip-updated/Clip-SD/semantic-dementia-clip-main/data/images/lemon_n07749582_n07749582_11.JPEG,False,0.0924307107925415
King Penguin,0.5,Monarch Butterfly,/home/vmuser/Music/research_project/semantic-dementia-clip-updated/Clip-SD/semantic-dementia-clip-main/data/images/monarch_butterfly_n02279972_n02279972_21.JPEG,False,0.10106685757637024
American Alligator,0.5,Goldfish,/home/vmuser/Music/research_project/semantic-dementia-clip-updated/Clip-SD/semantic-dementia-clip-main/data/images/goldfish_n01443537_n01443537_152.JPEG,False,0.11246589571237564
Bullfrog,0.5,Monarch Butterfly,/home/vmuser/Music/research_project/semantic-dementia-clip-updated/Clip-SD/semantic-dementia-clip-main/data/images/monarch_butterfly_n02279972_n02279972_124.JPEG,False,0.10611754655838013
Goldfish,0.5,Lemon,/home/vmuser/Music/research_project/semantic-dementia-clip-updated/Clip-SD/semantic-dementia-clip-main/data/images/lemon_n07749582_n07749582_11.JPEG,False,0.09356910735368729
Monarch Butterfly,0.5,Monarch Butterfly,/home/vmuser/Music/research_project/semantic-dementia-clip-updated/Clip-SD/semantic-dementia-clip-main/data/images/monarch_butterfly_n02279972_n02279972_130.JPEG,True,0.10797834396362305
Lemon,0.5,Monarch Butterfly,/home/vmuser/Music/research_project/semantic-dementia-clip-updated/Clip-SD/semantic-dementia-clip-main/data/images/monarch_butterfly_n02279972_n02279972_130.JPEG,False,0.09162312000989914
Banana,0.5,Monarch Butterfly,/home/vmuser/Music/research_project/semantic-dementia-clip-updated/Clip-SD/semantic-dementia-clip-main/data/images/monarch_butterfly_n02279972_n02279972_130.JPEG,False,0.08693758398294449
German Shepherd,0.525,Monarch Butterfly,/home/vmuser/Music/research_project/semantic-dementia-clip-updated/Clip-SD/semantic-dementia-clip-main/data/images/monarch_butterfly_n02279972_n02279972_124.JPEG,False,0.08530541509389877
Tabby Cat,0.525,Monarch Butterfly,/home/vmuser/Music/research_project/semantic-dementia-clip-updated/Clip-SD/semantic-dementia-clip-main/data/images/monarch_butterfly_n02279972_n02279972_220.JPEG,False,0.093897245824337
Chimpanzee,0.525,Monarch Butterfly,/home/vmuser/Music/research_project/semantic-dementia-clip-updated/Clip-SD/semantic-dementia-clip-main/data/images/monarch_butterfly_n02279972_n02279972_220.JPEG,False,0.08566376566886902
King Penguin,0.525,Monarch Butterfly,/home/vmuser/Music/research_project/semantic-dementia-clip-updated/Clip-SD/semantic-dementia-clip-main/data/images/monarch_butterfly_n02279972_n02279972_220.JPEG,False,0.09411008656024933
American Alligator,0.525,Banana,/home/vmuser/Music/research_project/semantic-dementia-clip-updated/Clip-SD/semantic-dementia-clip-main/data/images/banana_n07753592_n07753592_120.JPEG,False,0.10206005722284317
Bullfrog,0.525,Monarch Butterfly,/home/vmuser/Music/research_project/semantic-dementia-clip-updated/Clip-SD/semantic-dementia-clip-main/data/images/monarch_butterfly_n02279972_n02279972_124.JPEG,False,0.09519282728433609
Goldfish,0.525,Monarch Butterfly,/home/vmuser/Music/research_project/semantic-dementia-clip-updated/Clip-SD/semantic-dementia-clip-main/data/images/monarch_butterfly_n02279972_n02279972_220.JPEG,False,0.0891185775399208
Monarch Butterfly,0.525,Monarch Butterfly,/home/vmuser/Music/research_project/semantic-dementia-clip-updated/Clip-SD/semantic-dementia-clip-main/data/images/monarch_butterfly_n02279972_n02279972_220.JPEG,True,0.09929989278316498
Lemon,0.525,Monarch Butterfly,/home/vmuser/Music/research_project/semantic-dementia-clip-updated/Clip-SD/semantic-dementia-clip-main/data/images/monarch_butterfly_n02279972_n02279972_220.JPEG,False,0.08846800774335861
Banana,0.525,Monarch Butterfly,/home/vmuser/Music/research_project/semantic-dementia-clip-updated/Clip-SD/semantic-dementia-clip-main/data/images/monarch_butterfly_n02279972_n02279972_220.JPEG,False,0.08851820230484009
German Shepherd,0.55,Goldfish,/home/vmuser/Music/research_project/semantic-dementia-clip-updated/Clip-SD/semantic-dementia-clip-main/data/images/goldfish_n01443537_n01443537_140.JPEG,False,0.07031533122062683
Tabby Cat,0.55,American Alligator,/home/vmuser/Music/research_project/semantic-dementia-clip-updated/Clip-SD/semantic-dementia-clip-main/data/images/american_alligator_n01698640_n01698640_139.JPEG,False,0.0732414498925209
Chimpanzee,0.55,King Penguin,/home/vmuser/Music/research_project/semantic-dementia-clip-updated/Clip-SD/semantic-dementia-clip-main/data/images/king_penguin_n02056570_n02056570_238.JPEG,False,0.0703304186463356
King Penguin,0.55,Goldfish,/home/vmuser/Music/research_project/semantic-dementia-clip-updated/Clip-SD/semantic-dementia-clip-main/data/images/goldfish_n01443537_n01443537_106.JPEG,False,0.07116371393203735
American Alligator,0.55,King Penguin,/home/vmuser/Music/research_project/semantic-dementia-clip-updated/Clip-SD/semantic-dementia-clip-main/data/images/king_penguin_n02056570_n02056570_238.JPEG,False,0.07997667789459229
Bullfrog,0.55,Goldfish,/home/vmuser/Music/research_project/semantic-dementia-clip-updated/Clip-SD/semantic-dementia-clip-main/data/images/goldfish_n01443537_n01443537_106.JPEG,False,0.07290224730968475
Goldfish,0.55,King Penguin,/home/vmuser/Music/research_project/semantic-dementia-clip-updated/Clip-SD/semantic-dementia-clip-main/data/images/king_penguin_n02056570_n02056570_238.JPEG,False,0.06773155182600021
Monarch Butterfly,0.55,King Penguin,/home/vmuser/Music/research_project/semantic-dementia-clip-updated/Clip-SD/semantic-dementia-clip-main/data/images/king_penguin_n02056570_n02056570_238.JPEG,False,0.07631462812423706
Lemon,0.55,King Penguin,/home/vmuser/Music/research_project/semantic-dementia-clip-updated/Clip-SD/semantic-dementia-clip-main/data/images/king_penguin_n02056570_n02056570_238.JPEG,False,0.07025638222694397
Banana,0.55,King Penguin,/home/vmuser/Music/research_project/semantic-dementia-clip-updated/Clip-SD/semantic-dementia-clip-main/data/images/king_penguin_n02056570_n02056570_238.JPEG,False,0.06993653625249863
German Shepherd,0.575,Monarch Butterfly,/home/vmuser/Music/research_project/semantic-dementia-clip-updated/Clip-SD/semantic-dementia-clip-main/data/images/monarch_butterfly_n02279972_n02279972_192.JPEG,False,0.07273469865322113
Tabby Cat,0.575,Monarch Butterfly,/home/vmuser/Music/research_project/semantic-dementia-clip-updated/Clip-SD/semantic-dementia-clip-main/data/images/monarch_butterfly_n02279972_n02279972_192.JPEG,False,0.07506053894758224
Chimpanzee,0.575,Monarch Butterfly,/home/vmuser/Music/research_project/semantic-dementia-clip-updated/Clip-SD/semantic-dementia-clip-main/data/images/monarch_butterfly_n02279972_n02279972_192.JPEG,False,0.07329568266868591
King Penguin,0.575,Monarch Butterfly,/home/vmuser/Music/research_project/semantic-dementia-clip-updated/Clip-SD/semantic-dementia-clip-main/data/images/monarch_butterfly_n02279972_n02279972_192.JPEG,False,0.07517003268003464
American Alligator,0.575,Banana,/home/vmuser/Music/research_project/semantic-dementia-clip-updated/Clip-SD/semantic-dementia-clip-main/data/images/banana_n07753592_n07753592_175.JPEG,False,0.07428497821092606
Bullfrog,0.575,Monarch Butterfly,/home/vmuser/Music/research_project/semantic-dementia-clip-updated/Clip-SD/semantic-dementia-clip-main/data/images/monarch_butterfly_n02279972_n02279972_192.JPEG,False,0.07110313326120377
Goldfish,0.575,Monarch Butterfly,/home/vmuser/Music/research_project/semantic-dementia-clip-updated/Clip-SD/semantic-dementia-clip-main/data/images/monarch_butterfly_n02279972_n02279972_192.JPEG,False,0.06733357161283493
Monarch Butterfly,0.575,Monarch Butterfly,/home/vmuser/Music/research_project/semantic-dementia-clip-updated/Clip-SD/semantic-dementia-clip-main/data/images/monarch_butterfly_n02279972_n02279972_192.JPEG,True,0.07504358887672424
Lemon,0.575,Monarch Butterfly,/home/vmuser/Music/research_project/semantic-dementia-clip-updated/Clip-SD/semantic-dementia-clip-main/data/images/monarch_butterfly_n02279972_n02279972_192.JPEG,False,0.06818121671676636
Banana,0.575,Monarch Butterfly,/home/vmuser/Music/research_project/semantic-dementia-clip-updated/Clip-SD/semantic-dementia-clip-main/data/images/monarch_butterfly_n02279972_n02279972_192.JPEG,False,0.07042568922042847
German Shepherd,0.6,Goldfish,/home/vmuser/Music/research_project/semantic-dementia-clip-updated/Clip-SD/semantic-dementia-clip-main/data/images/goldfish_n01443537_n01443537_120.JPEG,False,0.05520804971456528
Tabby Cat,0.6,Goldfish,/home/vmuser/Music/research_project/semantic-dementia-clip-updated/Clip-SD/semantic-dementia-clip-main/data/images/goldfish_n01443537_n01443537_120.JPEG,False,0.055931467562913895
Chimpanzee,0.6,Goldfish,/home/vmuser/Music/research_project/semantic-dementia-clip-updated/Clip-SD/semantic-dementia-clip-main/data/images/goldfish_n01443537_n01443537_120.JPEG,False,0.05683620646595955
King Penguin,0.6,Goldfish,/home/vmuser/Music/research_project/semantic-dementia-clip-updated/Clip-SD/semantic-dementia-clip-main/data/images/goldfish_n01443537_n01443537_120.JPEG,False,0.05600224435329437
American Alligator,0.6,Banana,/home/vmuser/Music/research_project/semantic-dementia-clip-updated/Clip-SD/semantic-dementia-clip-main/data/images/banana_n07753592_n07753592_105.JPEG,False,0.0567302443087101
Bullfrog,0.6,Goldfish,/home/vmuser/Music/research_project/semantic-dementia-clip-updated/Clip-SD/semantic-dementia-clip-main/data/images/goldfish_n01443537_n01443537_120.JPEG,False,0.054055243730545044
Goldfish,0.6,Goldfish,/home/vmuser/Music/research_project/semantic-dementia-clip-updated/Clip-SD/semantic-dementia-clip-main/data/images/goldfish_n01443537_n01443537_120.JPEG,True,0.05150895565748215
Monarch Butterfly,0.6,Goldfish,/home/vmuser/Music/research_project/semantic-dementia-clip-updated/Clip-SD/semantic-dementia-clip-main/data/images/goldfish_n01443537_n01443537_120.JPEG,False,0.05499134212732315
Lemon,0.6,Goldfish,/home/vmuser/Music/research_project/semantic-dementia-clip-updated/Clip-SD/semantic-dementia-clip-main/data/images/goldfish_n01443537_n01443537_120.JPEG,False,0.05183432623744011
Banana,0.6,Goldfish,/home/vmuser/Music/research_project/semantic-dementia-clip-updated/Clip-SD/semantic-dementia-clip-main/data/images/goldfish_n01443537_n01443537_120.JPEG,False,0.05295675992965698
German Shepherd,0.625,Lemon,/home/vmuser/Music/research_project/semantic-dementia-clip-updated/Clip-SD/semantic-dementia-clip-main/data/images/lemon_n07749582_n07749582_134.JPEG,False,0.05628744512796402
Tabby Cat,0.625,Lemon,/home/vmuser/Music/research_project/semantic-dementia-clip-updated/Clip-SD/semantic-dementia-clip-main/data/images/lemon_n07749582_n07749582_134.JPEG,False,0.0567050538957119
Chimpanzee,0.625,Lemon,/home/vmuser/Music/research_project/semantic-dementia-clip-updated/Clip-SD/semantic-dementia-clip-main/data/images/lemon_n07749582_n07749582_134.JPEG,False,0.05813630670309067
King Penguin,0.625,Lemon,/home/vmuser/Music/research_project/semantic-dementia-clip-updated/Clip-SD/semantic-dementia-clip-main/data/images/lemon_n07749582_n07749582_134.JPEG,False,0.0580756738781929
American Alligator,0.625,Lemon,/home/vmuser/Music/research_project/semantic-dementia-clip-updated/Clip-SD/semantic-dementia-clip-main/data/images/lemon_n07749582_n07749582_134.JPEG,False,0.05900193005800247
Bullfrog,0.625,Lemon,/home/vmuser/Music/research_project/semantic-dementia-clip-updated/Clip-SD/semantic-dementia-clip-main/data/images/lemon_n07749582_n07749582_134.JPEG,False,0.05559049919247627
Goldfish,0.625,Lemon,/home/vmuser/Music/research_project/semantic-dementia-clip-updated/Clip-SD/semantic-dementia-clip-main/data/images/lemon_n07749582_n07749582_134.JPEG,False,0.05659331753849983
Monarch Butterfly,0.625,Lemon,/home/vmuser/Music/research_project/semantic-dementia-clip-updated/Clip-SD/semantic-dementia-clip-main/data/images/lemon_n07749582_n07749582_134.JPEG,False,0.057580530643463135
Lemon,0.625,Lemon,/home/vmuser/Music/research_project/semantic-dementia-clip-updated/Clip-SD/semantic-dementia-clip-main/data/images/lemon_n07749582_n07749582_134.JPEG,True,0.056792840361595154
Banana,0.625,Lemon,/home/vmuser/Music/research_project/semantic-dementia-clip-updated/Clip-SD/semantic-dementia-clip-main/data/images/lemon_n07749582_n07749582_134.JPEG,False,0.05611138045787811
German Shepherd,0.65,Goldfish,/home/vmuser/Music/research_project/semantic-dementia-clip-updated/Clip-SD/semantic-dementia-clip-main/data/images/goldfish_n01443537_n01443537_258.JPEG,False,0.05223563313484192
Tabby Cat,0.65,Goldfish,/home/vmuser/Music/research_project/semantic-dementia-clip-updated/Clip-SD/semantic-dementia-clip-main/data/images/goldfish_n01443537_n01443537_258.JPEG,False,0.05279305577278137
Chimpanzee,0.65,Goldfish,/home/vmuser/Music/research_project/semantic-dementia-clip-updated/Clip-SD/semantic-dementia-clip-main/data/images/goldfish_n01443537_n01443537_258.JPEG,False,0.053334370255470276
King Penguin,0.65,Goldfish,/home/vmuser/Music/research_project/semantic-dementia-clip-updated/Clip-SD/semantic-dementia-clip-main/data/images/goldfish_n01443537_n01443537_258.JPEG,False,0.053488586097955704
American Alligator,0.65,Goldfish,/home/vmuser/Music/research_project/semantic-dementia-clip-updated/Clip-SD/semantic-dementia-clip-main/data/images/goldfish_n01443537_n01443537_239.JPEG,False,0.05515141785144806
Bullfrog,0.65,Goldfish,/home/vmuser/Music/research_project/semantic-dementia-clip-updated/Clip-SD/semantic-dementia-clip-main/data/images/goldfish_n01443537_n01443537_239.JPEG,False,0.051614463329315186
Goldfish,0.65,Goldfish,/home/vmuser/Music/research_project/semantic-dementia-clip-updated/Clip-SD/semantic-dementia-clip-main/data/images/goldfish_n01443537_n01443537_258.JPEG,True,0.05433143675327301
Monarch Butterfly,0.65,Goldfish,/home/vmuser/Music/research_project/semantic-dementia-clip-updated/Clip-SD/semantic-dementia-clip-main/data/images/goldfish_n01443537_n01443537_258.JPEG,False,0.05409915745258331
Lemon,0.65,Goldfish,/home/vmuser/Music/research_project/semantic-dementia-clip-updated/Clip-SD/semantic-dementia-clip-main/data/images/goldfish_n01443537_n01443537_239.JPEG,False,0.05265034735202789
Banana,0.65,Goldfish,/home/vmuser/Music/research_project/semantic-dementia-clip-updated/Clip-SD/semantic-dementia-clip-main/data/images/goldfish_n01443537_n01443537_239.JPEG,False,0.051630131900310516
German Shepherd,0.675,Lemon,/home/vmuser/Music/research_project/semantic-dementia-clip-updated/Clip-SD/semantic-dementia-clip-main/data/images/lemon_n07749582_n07749582_170.JPEG,False,0.04389850050210953
Tabby Cat,0.675,Goldfish,/home/vmuser/Music/research_project/semantic-dementia-clip-updated/Clip-SD/semantic-dementia-clip-main/data/images/goldfish_n01443537_n01443537_116.JPEG,False,0.04441384598612785
Chimpanzee,0.675,Lemon,/home/vmuser/Music/research_project/semantic-dementia-clip-updated/Clip-SD/semantic-dementia-clip-main/data/images/lemon_n07749582_n07749582_16.JPEG,False,0.045942649245262146
King Penguin,0.675,Lemon,/home/vmuser/Music/research_project/semantic-dementia-clip-updated/Clip-SD/semantic-dementia-clip-main/data/images/lemon_n07749582_n07749582_16.JPEG,False,0.044413208961486816
American Alligator,0.675,Lemon,/home/vmuser/Music/research_project/semantic-dementia-clip-updated/Clip-SD/semantic-dementia-clip-main/data/images/lemon_n07749582_n07749582_170.JPEG,False,0.044620148837566376
Bullfrog,0.675,Lemon,/home/vmuser/Music/research_project/semantic-dementia-clip-updated/Clip-SD/semantic-dementia-clip-main/data/images/lemon_n07749582_n07749582_170.JPEG,False,0.043907955288887024
Goldfish,0.675,Lemon,/home/vmuser/Music/research_project/semantic-dementia-clip-updated/Clip-SD/semantic-dementia-clip-main/data/images/lemon_n07749582_n07749582_16.JPEG,False,0.04705340415239334
Monarch Butterfly,0.675,Lemon,/home/vmuser/Music/research_project/semantic-dementia-clip-updated/Clip-SD/semantic-dementia-clip-main/data/images/lemon_n07749582_n07749582_170.JPEG,False,0.04484516382217407
Lemon,0.675,Lemon,/home/vmuser/Music/research_project/semantic-dementia-clip-updated/Clip-SD/semantic-dementia-clip-main/data/images/lemon_n07749582_n07749582_16.JPEG,True,0.04489605128765106
Banana,0.675,Lemon,/home/vmuser/Music/research_project/semantic-dementia-clip-updated/Clip-SD/semantic-dementia-clip-main/data/images/lemon_n07749582_n07749582_170.JPEG,False,0.043643608689308167
German Shepherd,0.7,Lemon,/home/vmuser/Music/research_project/semantic-dementia-clip-updated/Clip-SD/semantic-dementia-clip-main/data/images/lemon_n07749582_n07749582_111.JPEG,False,0.03195202723145485
Tabby Cat,0.7,Lemon,/home/vmuser/Music/research_project/semantic-dementia-clip-updated/Clip-SD/semantic-dementia-clip-main/data/images/lemon_n07749582_n07749582_111.JPEG,False,0.031003840267658234
Chimpanzee,0.7,Lemon,/home/vmuser/Music/research_project/semantic-dementia-clip-updated/Clip-SD/semantic-dementia-clip-main/data/images/lemon_n07749582_n07749582_111.JPEG,False,0.03303983062505722
King Penguin,0.7,Lemon,/home/vmuser/Music/research_project/semantic-dementia-clip-updated/Clip-SD/semantic-dementia-clip-main/data/images/lemon_n07749582_n07749582_111.JPEG,False,0.031848758459091187
American Alligator,0.7,Banana,/home/vmuser/Music/research_project/semantic-dementia-clip-updated/Clip-SD/semantic-dementia-clip-main/data/images/banana_n07753592_n07753592_136.JPEG,False,0.03254120051860809
Bullfrog,0.7,Lemon,/home/vmuser/Music/research_project/semantic-dementia-clip-updated/Clip-SD/semantic-dementia-clip-main/data/images/lemon_n07749582_n07749582_111.JPEG,False,0.031973905861377716
Goldfish,0.7,Lemon,/home/vmuser/Music/research_project/semantic-dementia-clip-updated/Clip-SD/semantic-dementia-clip-main/data/images/lemon_n07749582_n07749582_111.JPEG,False,0.03380677103996277
Monarch Butterfly,0.7,Lemon,/home/vmuser/Music/research_project/semantic-dementia-clip-updated/Clip-SD/semantic-dementia-clip-main/data/images/lemon_n07749582_n07749582_111.JPEG,False,0.033415667712688446
Lemon,0.7,Lemon,/home/vmuser/Music/research_project/semantic-dementia-clip-updated/Clip-SD/semantic-dementia-clip-main/data/images/lemon_n07749582_n07749582_111.JPEG,True,0.03235189616680145
Banana,0.7,Lemon,/home/vmuser/Music/research_project/semantic-dementia-clip-updated/Clip-SD/semantic-dementia-clip-main/data/images/lemon_n07749582_n07749582_111.JPEG,False,0.03154272586107254
