filename,filepath,wnid,domain,superordinate,coordinate,specific,prompt_text,matrix_index,typicality
cat_n02123045_n02123045_0.JPEG,data/images/cat_n02123045_n02123045_0.JPEG,n02123045,Living,Animals,Mammals,Cat,cat,0,Typical
cat_n02123045_n02123045_1.JPEG,data/images/cat_n02123045_n02123045_1.JPEG,n02123045,Living,Animals,Mammals,Cat,cat,1,Typical
cat_n02123045_n02123045_10.JPEG,data/images/cat_n02123045_n02123045_10.JPEG,n02123045,Living,Animals,Mammals,Cat,cat,2,Typical
cat_n02123045_n02123045_100.JPEG,data/images/cat_n02123045_n02123045_100.JPEG,n02123045,Living,Animals,Mammals,Cat,cat,3,Typical
cat_n02123045_n02123045_101.JPEG,data/images/cat_n02123045_n02123045_101.JPEG,n02123045,Living,Animals,Mammals,Cat,cat,4,Typical
cat_n02123045_n02123045_102.JPEG,data/images/cat_n02123045_n02123045_102.JPEG,n02123045,Living,Animals,Mammals,Cat,cat,5,Typical
cat_n02123045_n02123045_103.JPEG,data/images/cat_n02123045_n02123045_103.JPEG,n02123045,Living,Animals,Mammals,Cat,cat,6,Typical
cat_n02123045_n02123045_104.JPEG,data/images/cat_n02123045_n02123045_104.JPEG,n02123045,Living,Animals,Mammals,Cat,cat,7,Typical
cat_n02123045_n02123045_105.JPEG,data/images/cat_n02123045_n02123045_105.JPEG,n02123045,Living,Animals,Mammals,Cat,cat,8,Typical
cat_n02123045_n02123045_106.JPEG,data/images/cat_n02123045_n02123045_106.JPEG,n02123045,Living,Animals,Mammals,Cat,cat,9,Typical
cat_n02123045_n02123045_107.JPEG,data/images/cat_n02123045_n02123045_107.JPEG,n02123045,Living,Animals,Mammals,Cat,cat,10,Typical
cat_n02123045_n02123045_108.JPEG,data/images/cat_n02123045_n02123045_108.JPEG,n02123045,Living,Animals,Mammals,Cat,cat,11,Typical
cat_n02123045_n02123045_109.JPEG,data/images/cat_n02123045_n02123045_109.JPEG,n02123045,Living,Animals,Mammals,Cat,cat,12,Typical
cat_n02123045_n02123045_11.JPEG,data/images/cat_n02123045_n02123045_11.JPEG,n02123045,Living,Animals,Mammals,Cat,cat,13,Typical
cat_n02123045_n02123045_110.JPEG,data/images/cat_n02123045_n02123045_110.JPEG,n02123045,Living,Animals,Mammals,Cat,cat,14,Typical
cat_n02123045_n02123045_111.JPEG,data/images/cat_n02123045_n02123045_111.JPEG,n02123045,Living,Animals,Mammals,Cat,cat,15,Typical
cat_n02123045_n02123045_112.JPEG,data/images/cat_n02123045_n02123045_112.JPEG,n02123045,Living,Animals,Mammals,Cat,cat,16,Typical
cat_n02123045_n02123045_113.JPEG,data/images/cat_n02123045_n02123045_113.JPEG,n02123045,Living,Animals,Mammals,Cat,cat,17,Typical
cat_n02123045_n02123045_114.JPEG,data/images/cat_n02123045_n02123045_114.JPEG,n02123045,Living,Animals,Mammals,Cat,cat,18,Typical
cat_n02123045_n02123045_115.JPEG,data/images/cat_n02123045_n02123045_115.JPEG,n02123045,Living,Animals,Mammals,Cat,cat,19,Typical
cat_n02123045_n02123045_116.JPEG,data/images/cat_n02123045_n02123045_116.JPEG,n02123045,Living,Animals,Mammals,Cat,cat,20,Typical
cat_n02123045_n02123045_117.JPEG,data/images/cat_n02123045_n02123045_117.JPEG,n02123045,Living,Animals,Mammals,Cat,cat,21,Typical
cat_n02123045_n02123045_118.JPEG,data/images/cat_n02123045_n02123045_118.JPEG,n02123045,Living,Animals,Mammals,Cat,cat,22,Typical
cat_n02123045_n02123045_119.JPEG,data/images/cat_n02123045_n02123045_119.JPEG,n02123045,Living,Animals,Mammals,Cat,cat,23,Typical
cat_n02123045_n02123045_12.JPEG,data/images/cat_n02123045_n02123045_12.JPEG,n02123045,Living,Animals,Mammals,Cat,cat,24,Typical
cat_n02123045_n02123045_120.JPEG,data/images/cat_n02123045_n02123045_120.JPEG,n02123045,Living,Animals,Mammals,Cat,cat,25,Typical
cat_n02123045_n02123045_121.JPEG,data/images/cat_n02123045_n02123045_121.JPEG,n02123045,Living,Animals,Mammals,Cat,cat,26,Typical
cat_n02123045_n02123045_122.JPEG,data/images/cat_n02123045_n02123045_122.JPEG,n02123045,Living,Animals,Mammals,Cat,cat,27,Typical
cat_n02123045_n02123045_123.JPEG,data/images/cat_n02123045_n02123045_123.JPEG,n02123045,Living,Animals,Mammals,Cat,cat,28,Typical
cat_n02123045_n02123045_124.JPEG,data/images/cat_n02123045_n02123045_124.JPEG,n02123045,Living,Animals,Mammals,Cat,cat,29,Typical
cat_n02123045_n02123045_125.JPEG,data/images/cat_n02123045_n02123045_125.JPEG,n02123045,Living,Animals,Mammals,Cat,cat,30,Typical
cat_n02123045_n02123045_126.JPEG,data/images/cat_n02123045_n02123045_126.JPEG,n02123045,Living,Animals,Mammals,Cat,cat,31,Typical
cat_n02123045_n02123045_127.JPEG,data/images/cat_n02123045_n02123045_127.JPEG,n02123045,Living,Animals,Mammals,Cat,cat,32,Typical
cat_n02123045_n02123045_128.JPEG,data/images/cat_n02123045_n02123045_128.JPEG,n02123045,Living,Animals,Mammals,Cat,cat,33,Typical
cat_n02123045_n02123045_129.JPEG,data/images/cat_n02123045_n02123045_129.JPEG,n02123045,Living,Animals,Mammals,Cat,cat,34,Typical
cat_n02123045_n02123045_13.JPEG,data/images/cat_n02123045_n02123045_13.JPEG,n02123045,Living,Animals,Mammals,Cat,cat,35,Typical
cat_n02123045_n02123045_130.JPEG,data/images/cat_n02123045_n02123045_130.JPEG,n02123045,Living,Animals,Mammals,Cat,cat,36,Typical
cat_n02123045_n02123045_131.JPEG,data/images/cat_n02123045_n02123045_131.JPEG,n02123045,Living,Animals,Mammals,Cat,cat,37,Typical
cat_n02123045_n02123045_132.JPEG,data/images/cat_n02123045_n02123045_132.JPEG,n02123045,Living,Animals,Mammals,Cat,cat,38,Typical
cat_n02123045_n02123045_133.JPEG,data/images/cat_n02123045_n02123045_133.JPEG,n02123045,Living,Animals,Mammals,Cat,cat,39,Typical
cat_n02123045_n02123045_134.JPEG,data/images/cat_n02123045_n02123045_134.JPEG,n02123045,Living,Animals,Mammals,Cat,cat,40,Typical
cat_n02123045_n02123045_135.JPEG,data/images/cat_n02123045_n02123045_135.JPEG,n02123045,Living,Animals,Mammals,Cat,cat,41,Typical
cat_n02123045_n02123045_136.JPEG,data/images/cat_n02123045_n02123045_136.JPEG,n02123045,Living,Animals,Mammals,Cat,cat,42,Typical
cat_n02123045_n02123045_137.JPEG,data/images/cat_n02123045_n02123045_137.JPEG,n02123045,Living,Animals,Mammals,Cat,cat,43,Typical
cat_n02123045_n02123045_138.JPEG,data/images/cat_n02123045_n02123045_138.JPEG,n02123045,Living,Animals,Mammals,Cat,cat,44,Typical
cat_n02123045_n02123045_139.JPEG,data/images/cat_n02123045_n02123045_139.JPEG,n02123045,Living,Animals,Mammals,Cat,cat,45,Typical
cat_n02123045_n02123045_14.JPEG,data/images/cat_n02123045_n02123045_14.JPEG,n02123045,Living,Animals,Mammals,Cat,cat,46,Typical
cat_n02123045_n02123045_140.JPEG,data/images/cat_n02123045_n02123045_140.JPEG,n02123045,Living,Animals,Mammals,Cat,cat,47,Typical
cat_n02123045_n02123045_141.JPEG,data/images/cat_n02123045_n02123045_141.JPEG,n02123045,Living,Animals,Mammals,Cat,cat,48,Typical
cat_n02123045_n02123045_142.JPEG,data/images/cat_n02123045_n02123045_142.JPEG,n02123045,Living,Animals,Mammals,Cat,cat,49,Typical
cat_n02123045_n02123045_143.JPEG,data/images/cat_n02123045_n02123045_143.JPEG,n02123045,Living,Animals,Mammals,Cat,cat,50,Typical
cat_n02123045_n02123045_144.JPEG,data/images/cat_n02123045_n02123045_144.JPEG,n02123045,Living,Animals,Mammals,Cat,cat,51,Typical
cat_n02123045_n02123045_145.JPEG,data/images/cat_n02123045_n02123045_145.JPEG,n02123045,Living,Animals,Mammals,Cat,cat,52,Typical
cat_n02123045_n02123045_146.JPEG,data/images/cat_n02123045_n02123045_146.JPEG,n02123045,Living,Animals,Mammals,Cat,cat,53,Typical
cat_n02123045_n02123045_147.JPEG,data/images/cat_n02123045_n02123045_147.JPEG,n02123045,Living,Animals,Mammals,Cat,cat,54,Typical
cat_n02123045_n02123045_148.JPEG,data/images/cat_n02123045_n02123045_148.JPEG,n02123045,Living,Animals,Mammals,Cat,cat,55,Typical
cat_n02123045_n02123045_149.JPEG,data/images/cat_n02123045_n02123045_149.JPEG,n02123045,Living,Animals,Mammals,Cat,cat,56,Typical
cat_n02123045_n02123045_15.JPEG,data/images/cat_n02123045_n02123045_15.JPEG,n02123045,Living,Animals,Mammals,Cat,cat,57,Typical
cat_n02123045_n02123045_150.JPEG,data/images/cat_n02123045_n02123045_150.JPEG,n02123045,Living,Animals,Mammals,Cat,cat,58,Typical
cat_n02123045_n02123045_151.JPEG,data/images/cat_n02123045_n02123045_151.JPEG,n02123045,Living,Animals,Mammals,Cat,cat,59,Typical
cat_n02123045_n02123045_152.JPEG,data/images/cat_n02123045_n02123045_152.JPEG,n02123045,Living,Animals,Mammals,Cat,cat,60,Typical
cat_n02123045_n02123045_153.JPEG,data/images/cat_n02123045_n02123045_153.JPEG,n02123045,Living,Animals,Mammals,Cat,cat,61,Typical
cat_n02123045_n02123045_154.JPEG,data/images/cat_n02123045_n02123045_154.JPEG,n02123045,Living,Animals,Mammals,Cat,cat,62,Typical
cat_n02123045_n02123045_155.JPEG,data/images/cat_n02123045_n02123045_155.JPEG,n02123045,Living,Animals,Mammals,Cat,cat,63,Typical
cat_n02123045_n02123045_156.JPEG,data/images/cat_n02123045_n02123045_156.JPEG,n02123045,Living,Animals,Mammals,Cat,cat,64,Typical
cat_n02123045_n02123045_157.JPEG,data/images/cat_n02123045_n02123045_157.JPEG,n02123045,Living,Animals,Mammals,Cat,cat,65,Typical
cat_n02123045_n02123045_158.JPEG,data/images/cat_n02123045_n02123045_158.JPEG,n02123045,Living,Animals,Mammals,Cat,cat,66,Typical
cat_n02123045_n02123045_159.JPEG,data/images/cat_n02123045_n02123045_159.JPEG,n02123045,Living,Animals,Mammals,Cat,cat,67,Typical
cat_n02123045_n02123045_16.JPEG,data/images/cat_n02123045_n02123045_16.JPEG,n02123045,Living,Animals,Mammals,Cat,cat,68,Typical
cat_n02123045_n02123045_160.JPEG,data/images/cat_n02123045_n02123045_160.JPEG,n02123045,Living,Animals,Mammals,Cat,cat,69,Typical
cat_n02123045_n02123045_161.JPEG,data/images/cat_n02123045_n02123045_161.JPEG,n02123045,Living,Animals,Mammals,Cat,cat,70,Typical
cat_n02123045_n02123045_162.JPEG,data/images/cat_n02123045_n02123045_162.JPEG,n02123045,Living,Animals,Mammals,Cat,cat,71,Typical
cat_n02123045_n02123045_163.JPEG,data/images/cat_n02123045_n02123045_163.JPEG,n02123045,Living,Animals,Mammals,Cat,cat,72,Typical
cat_n02123045_n02123045_164.JPEG,data/images/cat_n02123045_n02123045_164.JPEG,n02123045,Living,Animals,Mammals,Cat,cat,73,Typical
cat_n02123045_n02123045_165.JPEG,data/images/cat_n02123045_n02123045_165.JPEG,n02123045,Living,Animals,Mammals,Cat,cat,74,Typical
cat_n02123045_n02123045_166.JPEG,data/images/cat_n02123045_n02123045_166.JPEG,n02123045,Living,Animals,Mammals,Cat,cat,75,Typical
cat_n02123045_n02123045_167.JPEG,data/images/cat_n02123045_n02123045_167.JPEG,n02123045,Living,Animals,Mammals,Cat,cat,76,Typical
cat_n02123045_n02123045_168.JPEG,data/images/cat_n02123045_n02123045_168.JPEG,n02123045,Living,Animals,Mammals,Cat,cat,77,Typical
cat_n02123045_n02123045_169.JPEG,data/images/cat_n02123045_n02123045_169.JPEG,n02123045,Living,Animals,Mammals,Cat,cat,78,Typical
cat_n02123045_n02123045_17.JPEG,data/images/cat_n02123045_n02123045_17.JPEG,n02123045,Living,Animals,Mammals,Cat,cat,79,Typical
cat_n02123045_n02123045_170.JPEG,data/images/cat_n02123045_n02123045_170.JPEG,n02123045,Living,Animals,Mammals,Cat,cat,80,Typical
cat_n02123045_n02123045_171.JPEG,data/images/cat_n02123045_n02123045_171.JPEG,n02123045,Living,Animals,Mammals,Cat,cat,81,Typical
cat_n02123045_n02123045_172.JPEG,data/images/cat_n02123045_n02123045_172.JPEG,n02123045,Living,Animals,Mammals,Cat,cat,82,Typical
cat_n02123045_n02123045_173.JPEG,data/images/cat_n02123045_n02123045_173.JPEG,n02123045,Living,Animals,Mammals,Cat,cat,83,Typical
cat_n02123045_n02123045_174.JPEG,data/images/cat_n02123045_n02123045_174.JPEG,n02123045,Living,Animals,Mammals,Cat,cat,84,Typical
cat_n02123045_n02123045_175.JPEG,data/images/cat_n02123045_n02123045_175.JPEG,n02123045,Living,Animals,Mammals,Cat,cat,85,Typical
cat_n02123045_n02123045_176.JPEG,data/images/cat_n02123045_n02123045_176.JPEG,n02123045,Living,Animals,Mammals,Cat,cat,86,Typical
cat_n02123045_n02123045_177.JPEG,data/images/cat_n02123045_n02123045_177.JPEG,n02123045,Living,Animals,Mammals,Cat,cat,87,Typical
cat_n02123045_n02123045_178.JPEG,data/images/cat_n02123045_n02123045_178.JPEG,n02123045,Living,Animals,Mammals,Cat,cat,88,Typical
cat_n02123045_n02123045_179.JPEG,data/images/cat_n02123045_n02123045_179.JPEG,n02123045,Living,Animals,Mammals,Cat,cat,89,Typical
cat_n02123045_n02123045_18.JPEG,data/images/cat_n02123045_n02123045_18.JPEG,n02123045,Living,Animals,Mammals,Cat,cat,90,Typical
cat_n02123045_n02123045_180.JPEG,data/images/cat_n02123045_n02123045_180.JPEG,n02123045,Living,Animals,Mammals,Cat,cat,91,Typical
cat_n02123045_n02123045_181.JPEG,data/images/cat_n02123045_n02123045_181.JPEG,n02123045,Living,Animals,Mammals,Cat,cat,92,Typical
cat_n02123045_n02123045_182.JPEG,data/images/cat_n02123045_n02123045_182.JPEG,n02123045,Living,Animals,Mammals,Cat,cat,93,Typical
cat_n02123045_n02123045_183.JPEG,data/images/cat_n02123045_n02123045_183.JPEG,n02123045,Living,Animals,Mammals,Cat,cat,94,Typical
cat_n02123045_n02123045_184.JPEG,data/images/cat_n02123045_n02123045_184.JPEG,n02123045,Living,Animals,Mammals,Cat,cat,95,Typical
cat_n02123045_n02123045_185.JPEG,data/images/cat_n02123045_n02123045_185.JPEG,n02123045,Living,Animals,Mammals,Cat,cat,96,Typical
cat_n02123045_n02123045_186.JPEG,data/images/cat_n02123045_n02123045_186.JPEG,n02123045,Living,Animals,Mammals,Cat,cat,97,Typical
cat_n02123045_n02123045_187.JPEG,data/images/cat_n02123045_n02123045_187.JPEG,n02123045,Living,Animals,Mammals,Cat,cat,98,Typical
cat_n02123045_n02123045_188.JPEG,data/images/cat_n02123045_n02123045_188.JPEG,n02123045,Living,Animals,Mammals,Cat,cat,99,Typical
dog_n02106662_n02106662_0.JPEG,data/images/dog_n02106662_n02106662_0.JPEG,n02106662,Living,Animals,Mammals,Dog,dog,100,Typical
dog_n02106662_n02106662_1.JPEG,data/images/dog_n02106662_n02106662_1.JPEG,n02106662,Living,Animals,Mammals,Dog,dog,101,Typical
dog_n02106662_n02106662_10.JPEG,data/images/dog_n02106662_n02106662_10.JPEG,n02106662,Living,Animals,Mammals,Dog,dog,102,Typical
dog_n02106662_n02106662_100.JPEG,data/images/dog_n02106662_n02106662_100.JPEG,n02106662,Living,Animals,Mammals,Dog,dog,103,Typical
dog_n02106662_n02106662_101.JPEG,data/images/dog_n02106662_n02106662_101.JPEG,n02106662,Living,Animals,Mammals,Dog,dog,104,Typical
dog_n02106662_n02106662_102.JPEG,data/images/dog_n02106662_n02106662_102.JPEG,n02106662,Living,Animals,Mammals,Dog,dog,105,Typical
dog_n02106662_n02106662_103.JPEG,data/images/dog_n02106662_n02106662_103.JPEG,n02106662,Living,Animals,Mammals,Dog,dog,106,Typical
dog_n02106662_n02106662_104.JPEG,data/images/dog_n02106662_n02106662_104.JPEG,n02106662,Living,Animals,Mammals,Dog,dog,107,Typical
dog_n02106662_n02106662_105.JPEG,data/images/dog_n02106662_n02106662_105.JPEG,n02106662,Living,Animals,Mammals,Dog,dog,108,Typical
dog_n02106662_n02106662_106.JPEG,data/images/dog_n02106662_n02106662_106.JPEG,n02106662,Living,Animals,Mammals,Dog,dog,109,Typical
dog_n02106662_n02106662_107.JPEG,data/images/dog_n02106662_n02106662_107.JPEG,n02106662,Living,Animals,Mammals,Dog,dog,110,Typical
dog_n02106662_n02106662_108.JPEG,data/images/dog_n02106662_n02106662_108.JPEG,n02106662,Living,Animals,Mammals,Dog,dog,111,Typical
dog_n02106662_n02106662_109.JPEG,data/images/dog_n02106662_n02106662_109.JPEG,n02106662,Living,Animals,Mammals,Dog,dog,112,Typical
dog_n02106662_n02106662_11.JPEG,data/images/dog_n02106662_n02106662_11.JPEG,n02106662,Living,Animals,Mammals,Dog,dog,113,Typical
dog_n02106662_n02106662_110.JPEG,data/images/dog_n02106662_n02106662_110.JPEG,n02106662,Living,Animals,Mammals,Dog,dog,114,Typical
dog_n02106662_n02106662_111.JPEG,data/images/dog_n02106662_n02106662_111.JPEG,n02106662,Living,Animals,Mammals,Dog,dog,115,Typical
dog_n02106662_n02106662_112.JPEG,data/images/dog_n02106662_n02106662_112.JPEG,n02106662,Living,Animals,Mammals,Dog,dog,116,Typical
dog_n02106662_n02106662_113.JPEG,data/images/dog_n02106662_n02106662_113.JPEG,n02106662,Living,Animals,Mammals,Dog,dog,117,Typical
dog_n02106662_n02106662_114.JPEG,data/images/dog_n02106662_n02106662_114.JPEG,n02106662,Living,Animals,Mammals,Dog,dog,118,Typical
dog_n02106662_n02106662_115.JPEG,data/images/dog_n02106662_n02106662_115.JPEG,n02106662,Living,Animals,Mammals,Dog,dog,119,Typical
dog_n02106662_n02106662_116.JPEG,data/images/dog_n02106662_n02106662_116.JPEG,n02106662,Living,Animals,Mammals,Dog,dog,120,Typical
dog_n02106662_n02106662_117.JPEG,data/images/dog_n02106662_n02106662_117.JPEG,n02106662,Living,Animals,Mammals,Dog,dog,121,Typical
dog_n02106662_n02106662_118.JPEG,data/images/dog_n02106662_n02106662_118.JPEG,n02106662,Living,Animals,Mammals,Dog,dog,122,Typical
dog_n02106662_n02106662_119.JPEG,data/images/dog_n02106662_n02106662_119.JPEG,n02106662,Living,Animals,Mammals,Dog,dog,123,Typical
dog_n02106662_n02106662_12.JPEG,data/images/dog_n02106662_n02106662_12.JPEG,n02106662,Living,Animals,Mammals,Dog,dog,124,Typical
dog_n02106662_n02106662_120.JPEG,data/images/dog_n02106662_n02106662_120.JPEG,n02106662,Living,Animals,Mammals,Dog,dog,125,Typical
dog_n02106662_n02106662_121.JPEG,data/images/dog_n02106662_n02106662_121.JPEG,n02106662,Living,Animals,Mammals,Dog,dog,126,Typical
dog_n02106662_n02106662_122.JPEG,data/images/dog_n02106662_n02106662_122.JPEG,n02106662,Living,Animals,Mammals,Dog,dog,127,Typical
dog_n02106662_n02106662_123.JPEG,data/images/dog_n02106662_n02106662_123.JPEG,n02106662,Living,Animals,Mammals,Dog,dog,128,Typical
dog_n02106662_n02106662_124.JPEG,data/images/dog_n02106662_n02106662_124.JPEG,n02106662,Living,Animals,Mammals,Dog,dog,129,Typical
dog_n02106662_n02106662_125.JPEG,data/images/dog_n02106662_n02106662_125.JPEG,n02106662,Living,Animals,Mammals,Dog,dog,130,Typical
dog_n02106662_n02106662_126.JPEG,data/images/dog_n02106662_n02106662_126.JPEG,n02106662,Living,Animals,Mammals,Dog,dog,131,Typical
dog_n02106662_n02106662_127.JPEG,data/images/dog_n02106662_n02106662_127.JPEG,n02106662,Living,Animals,Mammals,Dog,dog,132,Typical
dog_n02106662_n02106662_128.JPEG,data/images/dog_n02106662_n02106662_128.JPEG,n02106662,Living,Animals,Mammals,Dog,dog,133,Typical
dog_n02106662_n02106662_129.JPEG,data/images/dog_n02106662_n02106662_129.JPEG,n02106662,Living,Animals,Mammals,Dog,dog,134,Typical
dog_n02106662_n02106662_13.JPEG,data/images/dog_n02106662_n02106662_13.JPEG,n02106662,Living,Animals,Mammals,Dog,dog,135,Typical
dog_n02106662_n02106662_130.JPEG,data/images/dog_n02106662_n02106662_130.JPEG,n02106662,Living,Animals,Mammals,Dog,dog,136,Typical
dog_n02106662_n02106662_131.JPEG,data/images/dog_n02106662_n02106662_131.JPEG,n02106662,Living,Animals,Mammals,Dog,dog,137,Typical
dog_n02106662_n02106662_132.JPEG,data/images/dog_n02106662_n02106662_132.JPEG,n02106662,Living,Animals,Mammals,Dog,dog,138,Typical
dog_n02106662_n02106662_133.JPEG,data/images/dog_n02106662_n02106662_133.JPEG,n02106662,Living,Animals,Mammals,Dog,dog,139,Typical
dog_n02106662_n02106662_134.JPEG,data/images/dog_n02106662_n02106662_134.JPEG,n02106662,Living,Animals,Mammals,Dog,dog,140,Typical
dog_n02106662_n02106662_135.JPEG,data/images/dog_n02106662_n02106662_135.JPEG,n02106662,Living,Animals,Mammals,Dog,dog,141,Typical
dog_n02106662_n02106662_136.JPEG,data/images/dog_n02106662_n02106662_136.JPEG,n02106662,Living,Animals,Mammals,Dog,dog,142,Typical
dog_n02106662_n02106662_137.JPEG,data/images/dog_n02106662_n02106662_137.JPEG,n02106662,Living,Animals,Mammals,Dog,dog,143,Typical
dog_n02106662_n02106662_138.JPEG,data/images/dog_n02106662_n02106662_138.JPEG,n02106662,Living,Animals,Mammals,Dog,dog,144,Typical
dog_n02106662_n02106662_139.JPEG,data/images/dog_n02106662_n02106662_139.JPEG,n02106662,Living,Animals,Mammals,Dog,dog,145,Typical
dog_n02106662_n02106662_14.JPEG,data/images/dog_n02106662_n02106662_14.JPEG,n02106662,Living,Animals,Mammals,Dog,dog,146,Typical
dog_n02106662_n02106662_140.JPEG,data/images/dog_n02106662_n02106662_140.JPEG,n02106662,Living,Animals,Mammals,Dog,dog,147,Typical
dog_n02106662_n02106662_141.JPEG,data/images/dog_n02106662_n02106662_141.JPEG,n02106662,Living,Animals,Mammals,Dog,dog,148,Typical
dog_n02106662_n02106662_142.JPEG,data/images/dog_n02106662_n02106662_142.JPEG,n02106662,Living,Animals,Mammals,Dog,dog,149,Typical
dog_n02106662_n02106662_143.JPEG,data/images/dog_n02106662_n02106662_143.JPEG,n02106662,Living,Animals,Mammals,Dog,dog,150,Typical
dog_n02106662_n02106662_144.JPEG,data/images/dog_n02106662_n02106662_144.JPEG,n02106662,Living,Animals,Mammals,Dog,dog,151,Typical
dog_n02106662_n02106662_145.JPEG,data/images/dog_n02106662_n02106662_145.JPEG,n02106662,Living,Animals,Mammals,Dog,dog,152,Typical
dog_n02106662_n02106662_146.JPEG,data/images/dog_n02106662_n02106662_146.JPEG,n02106662,Living,Animals,Mammals,Dog,dog,153,Typical
dog_n02106662_n02106662_147.JPEG,data/images/dog_n02106662_n02106662_147.JPEG,n02106662,Living,Animals,Mammals,Dog,dog,154,Typical
dog_n02106662_n02106662_148.JPEG,data/images/dog_n02106662_n02106662_148.JPEG,n02106662,Living,Animals,Mammals,Dog,dog,155,Typical
dog_n02106662_n02106662_149.JPEG,data/images/dog_n02106662_n02106662_149.JPEG,n02106662,Living,Animals,Mammals,Dog,dog,156,Typical
dog_n02106662_n02106662_15.JPEG,data/images/dog_n02106662_n02106662_15.JPEG,n02106662,Living,Animals,Mammals,Dog,dog,157,Typical
dog_n02106662_n02106662_150.JPEG,data/images/dog_n02106662_n02106662_150.JPEG,n02106662,Living,Animals,Mammals,Dog,dog,158,Typical
dog_n02106662_n02106662_151.JPEG,data/images/dog_n02106662_n02106662_151.JPEG,n02106662,Living,Animals,Mammals,Dog,dog,159,Typical
dog_n02106662_n02106662_152.JPEG,data/images/dog_n02106662_n02106662_152.JPEG,n02106662,Living,Animals,Mammals,Dog,dog,160,Typical
dog_n02106662_n02106662_153.JPEG,data/images/dog_n02106662_n02106662_153.JPEG,n02106662,Living,Animals,Mammals,Dog,dog,161,Typical
dog_n02106662_n02106662_154.JPEG,data/images/dog_n02106662_n02106662_154.JPEG,n02106662,Living,Animals,Mammals,Dog,dog,162,Typical
dog_n02106662_n02106662_155.JPEG,data/images/dog_n02106662_n02106662_155.JPEG,n02106662,Living,Animals,Mammals,Dog,dog,163,Typical
dog_n02106662_n02106662_156.JPEG,data/images/dog_n02106662_n02106662_156.JPEG,n02106662,Living,Animals,Mammals,Dog,dog,164,Typical
dog_n02106662_n02106662_157.JPEG,data/images/dog_n02106662_n02106662_157.JPEG,n02106662,Living,Animals,Mammals,Dog,dog,165,Typical
dog_n02106662_n02106662_158.JPEG,data/images/dog_n02106662_n02106662_158.JPEG,n02106662,Living,Animals,Mammals,Dog,dog,166,Typical
dog_n02106662_n02106662_159.JPEG,data/images/dog_n02106662_n02106662_159.JPEG,n02106662,Living,Animals,Mammals,Dog,dog,167,Typical
dog_n02106662_n02106662_16.JPEG,data/images/dog_n02106662_n02106662_16.JPEG,n02106662,Living,Animals,Mammals,Dog,dog,168,Typical
dog_n02106662_n02106662_160.JPEG,data/images/dog_n02106662_n02106662_160.JPEG,n02106662,Living,Animals,Mammals,Dog,dog,169,Typical
dog_n02106662_n02106662_161.JPEG,data/images/dog_n02106662_n02106662_161.JPEG,n02106662,Living,Animals,Mammals,Dog,dog,170,Typical
dog_n02106662_n02106662_162.JPEG,data/images/dog_n02106662_n02106662_162.JPEG,n02106662,Living,Animals,Mammals,Dog,dog,171,Typical
dog_n02106662_n02106662_163.JPEG,data/images/dog_n02106662_n02106662_163.JPEG,n02106662,Living,Animals,Mammals,Dog,dog,172,Typical
dog_n02106662_n02106662_164.JPEG,data/images/dog_n02106662_n02106662_164.JPEG,n02106662,Living,Animals,Mammals,Dog,dog,173,Typical
dog_n02106662_n02106662_165.JPEG,data/images/dog_n02106662_n02106662_165.JPEG,n02106662,Living,Animals,Mammals,Dog,dog,174,Typical
dog_n02106662_n02106662_166.JPEG,data/images/dog_n02106662_n02106662_166.JPEG,n02106662,Living,Animals,Mammals,Dog,dog,175,Typical
dog_n02106662_n02106662_167.JPEG,data/images/dog_n02106662_n02106662_167.JPEG,n02106662,Living,Animals,Mammals,Dog,dog,176,Typical
dog_n02106662_n02106662_168.JPEG,data/images/dog_n02106662_n02106662_168.JPEG,n02106662,Living,Animals,Mammals,Dog,dog,177,Typical
dog_n02106662_n02106662_169.JPEG,data/images/dog_n02106662_n02106662_169.JPEG,n02106662,Living,Animals,Mammals,Dog,dog,178,Typical
dog_n02106662_n02106662_17.JPEG,data/images/dog_n02106662_n02106662_17.JPEG,n02106662,Living,Animals,Mammals,Dog,dog,179,Typical
dog_n02106662_n02106662_170.JPEG,data/images/dog_n02106662_n02106662_170.JPEG,n02106662,Living,Animals,Mammals,Dog,dog,180,Typical
dog_n02106662_n02106662_171.JPEG,data/images/dog_n02106662_n02106662_171.JPEG,n02106662,Living,Animals,Mammals,Dog,dog,181,Typical
dog_n02106662_n02106662_172.JPEG,data/images/dog_n02106662_n02106662_172.JPEG,n02106662,Living,Animals,Mammals,Dog,dog,182,Typical
dog_n02106662_n02106662_173.JPEG,data/images/dog_n02106662_n02106662_173.JPEG,n02106662,Living,Animals,Mammals,Dog,dog,183,Typical
dog_n02106662_n02106662_174.JPEG,data/images/dog_n02106662_n02106662_174.JPEG,n02106662,Living,Animals,Mammals,Dog,dog,184,Typical
dog_n02106662_n02106662_175.JPEG,data/images/dog_n02106662_n02106662_175.JPEG,n02106662,Living,Animals,Mammals,Dog,dog,185,Typical
dog_n02106662_n02106662_176.JPEG,data/images/dog_n02106662_n02106662_176.JPEG,n02106662,Living,Animals,Mammals,Dog,dog,186,Typical
dog_n02106662_n02106662_177.JPEG,data/images/dog_n02106662_n02106662_177.JPEG,n02106662,Living,Animals,Mammals,Dog,dog,187,Typical
dog_n02106662_n02106662_178.JPEG,data/images/dog_n02106662_n02106662_178.JPEG,n02106662,Living,Animals,Mammals,Dog,dog,188,Typical
dog_n02106662_n02106662_179.JPEG,data/images/dog_n02106662_n02106662_179.JPEG,n02106662,Living,Animals,Mammals,Dog,dog,189,Typical
dog_n02106662_n02106662_18.JPEG,data/images/dog_n02106662_n02106662_18.JPEG,n02106662,Living,Animals,Mammals,Dog,dog,190,Typical
dog_n02106662_n02106662_180.JPEG,data/images/dog_n02106662_n02106662_180.JPEG,n02106662,Living,Animals,Mammals,Dog,dog,191,Typical
dog_n02106662_n02106662_181.JPEG,data/images/dog_n02106662_n02106662_181.JPEG,n02106662,Living,Animals,Mammals,Dog,dog,192,Typical
dog_n02106662_n02106662_182.JPEG,data/images/dog_n02106662_n02106662_182.JPEG,n02106662,Living,Animals,Mammals,Dog,dog,193,Typical
dog_n02106662_n02106662_183.JPEG,data/images/dog_n02106662_n02106662_183.JPEG,n02106662,Living,Animals,Mammals,Dog,dog,194,Typical
dog_n02106662_n02106662_184.JPEG,data/images/dog_n02106662_n02106662_184.JPEG,n02106662,Living,Animals,Mammals,Dog,dog,195,Typical
dog_n02106662_n02106662_185.JPEG,data/images/dog_n02106662_n02106662_185.JPEG,n02106662,Living,Animals,Mammals,Dog,dog,196,Typical
dog_n02106662_n02106662_186.JPEG,data/images/dog_n02106662_n02106662_186.JPEG,n02106662,Living,Animals,Mammals,Dog,dog,197,Typical
dog_n02106662_n02106662_187.JPEG,data/images/dog_n02106662_n02106662_187.JPEG,n02106662,Living,Animals,Mammals,Dog,dog,198,Typical
dog_n02106662_n02106662_188.JPEG,data/images/dog_n02106662_n02106662_188.JPEG,n02106662,Living,Animals,Mammals,Dog,dog,199,Typical
bullfrog_n01641577_n01641577_0.JPEG,data/images/bullfrog_n01641577_n01641577_0.JPEG,n01641577,Living,Animals,Amphibians,Bullfrog,bullfrog,200,Typical
bullfrog_n01641577_n01641577_1.JPEG,data/images/bullfrog_n01641577_n01641577_1.JPEG,n01641577,Living,Animals,Amphibians,Bullfrog,bullfrog,201,Typical
bullfrog_n01641577_n01641577_10.JPEG,data/images/bullfrog_n01641577_n01641577_10.JPEG,n01641577,Living,Animals,Amphibians,Bullfrog,bullfrog,202,Typical
bullfrog_n01641577_n01641577_100.JPEG,data/images/bullfrog_n01641577_n01641577_100.JPEG,n01641577,Living,Animals,Amphibians,Bullfrog,bullfrog,203,Typical
bullfrog_n01641577_n01641577_101.JPEG,data/images/bullfrog_n01641577_n01641577_101.JPEG,n01641577,Living,Animals,Amphibians,Bullfrog,bullfrog,204,Typical
bullfrog_n01641577_n01641577_102.JPEG,data/images/bullfrog_n01641577_n01641577_102.JPEG,n01641577,Living,Animals,Amphibians,Bullfrog,bullfrog,205,Typical
bullfrog_n01641577_n01641577_103.JPEG,data/images/bullfrog_n01641577_n01641577_103.JPEG,n01641577,Living,Animals,Amphibians,Bullfrog,bullfrog,206,Typical
bullfrog_n01641577_n01641577_104.JPEG,data/images/bullfrog_n01641577_n01641577_104.JPEG,n01641577,Living,Animals,Amphibians,Bullfrog,bullfrog,207,Typical
bullfrog_n01641577_n01641577_105.JPEG,data/images/bullfrog_n01641577_n01641577_105.JPEG,n01641577,Living,Animals,Amphibians,Bullfrog,bullfrog,208,Typical
bullfrog_n01641577_n01641577_106.JPEG,data/images/bullfrog_n01641577_n01641577_106.JPEG,n01641577,Living,Animals,Amphibians,Bullfrog,bullfrog,209,Typical
bullfrog_n01641577_n01641577_107.JPEG,data/images/bullfrog_n01641577_n01641577_107.JPEG,n01641577,Living,Animals,Amphibians,Bullfrog,bullfrog,210,Typical
bullfrog_n01641577_n01641577_108.JPEG,data/images/bullfrog_n01641577_n01641577_108.JPEG,n01641577,Living,Animals,Amphibians,Bullfrog,bullfrog,211,Typical
bullfrog_n01641577_n01641577_109.JPEG,data/images/bullfrog_n01641577_n01641577_109.JPEG,n01641577,Living,Animals,Amphibians,Bullfrog,bullfrog,212,Typical
bullfrog_n01641577_n01641577_11.JPEG,data/images/bullfrog_n01641577_n01641577_11.JPEG,n01641577,Living,Animals,Amphibians,Bullfrog,bullfrog,213,Typical
bullfrog_n01641577_n01641577_110.JPEG,data/images/bullfrog_n01641577_n01641577_110.JPEG,n01641577,Living,Animals,Amphibians,Bullfrog,bullfrog,214,Typical
bullfrog_n01641577_n01641577_111.JPEG,data/images/bullfrog_n01641577_n01641577_111.JPEG,n01641577,Living,Animals,Amphibians,Bullfrog,bullfrog,215,Typical
bullfrog_n01641577_n01641577_112.JPEG,data/images/bullfrog_n01641577_n01641577_112.JPEG,n01641577,Living,Animals,Amphibians,Bullfrog,bullfrog,216,Typical
bullfrog_n01641577_n01641577_113.JPEG,data/images/bullfrog_n01641577_n01641577_113.JPEG,n01641577,Living,Animals,Amphibians,Bullfrog,bullfrog,217,Typical
bullfrog_n01641577_n01641577_114.JPEG,data/images/bullfrog_n01641577_n01641577_114.JPEG,n01641577,Living,Animals,Amphibians,Bullfrog,bullfrog,218,Typical
bullfrog_n01641577_n01641577_115.JPEG,data/images/bullfrog_n01641577_n01641577_115.JPEG,n01641577,Living,Animals,Amphibians,Bullfrog,bullfrog,219,Typical
bullfrog_n01641577_n01641577_116.JPEG,data/images/bullfrog_n01641577_n01641577_116.JPEG,n01641577,Living,Animals,Amphibians,Bullfrog,bullfrog,220,Typical
bullfrog_n01641577_n01641577_117.JPEG,data/images/bullfrog_n01641577_n01641577_117.JPEG,n01641577,Living,Animals,Amphibians,Bullfrog,bullfrog,221,Typical
bullfrog_n01641577_n01641577_118.JPEG,data/images/bullfrog_n01641577_n01641577_118.JPEG,n01641577,Living,Animals,Amphibians,Bullfrog,bullfrog,222,Typical
bullfrog_n01641577_n01641577_119.JPEG,data/images/bullfrog_n01641577_n01641577_119.JPEG,n01641577,Living,Animals,Amphibians,Bullfrog,bullfrog,223,Typical
bullfrog_n01641577_n01641577_12.JPEG,data/images/bullfrog_n01641577_n01641577_12.JPEG,n01641577,Living,Animals,Amphibians,Bullfrog,bullfrog,224,Typical
bullfrog_n01641577_n01641577_120.JPEG,data/images/bullfrog_n01641577_n01641577_120.JPEG,n01641577,Living,Animals,Amphibians,Bullfrog,bullfrog,225,Typical
bullfrog_n01641577_n01641577_121.JPEG,data/images/bullfrog_n01641577_n01641577_121.JPEG,n01641577,Living,Animals,Amphibians,Bullfrog,bullfrog,226,Typical
bullfrog_n01641577_n01641577_122.JPEG,data/images/bullfrog_n01641577_n01641577_122.JPEG,n01641577,Living,Animals,Amphibians,Bullfrog,bullfrog,227,Typical
bullfrog_n01641577_n01641577_123.JPEG,data/images/bullfrog_n01641577_n01641577_123.JPEG,n01641577,Living,Animals,Amphibians,Bullfrog,bullfrog,228,Typical
bullfrog_n01641577_n01641577_124.JPEG,data/images/bullfrog_n01641577_n01641577_124.JPEG,n01641577,Living,Animals,Amphibians,Bullfrog,bullfrog,229,Typical
bullfrog_n01641577_n01641577_125.JPEG,data/images/bullfrog_n01641577_n01641577_125.JPEG,n01641577,Living,Animals,Amphibians,Bullfrog,bullfrog,230,Typical
bullfrog_n01641577_n01641577_126.JPEG,data/images/bullfrog_n01641577_n01641577_126.JPEG,n01641577,Living,Animals,Amphibians,Bullfrog,bullfrog,231,Typical
bullfrog_n01641577_n01641577_127.JPEG,data/images/bullfrog_n01641577_n01641577_127.JPEG,n01641577,Living,Animals,Amphibians,Bullfrog,bullfrog,232,Typical
bullfrog_n01641577_n01641577_128.JPEG,data/images/bullfrog_n01641577_n01641577_128.JPEG,n01641577,Living,Animals,Amphibians,Bullfrog,bullfrog,233,Typical
bullfrog_n01641577_n01641577_129.JPEG,data/images/bullfrog_n01641577_n01641577_129.JPEG,n01641577,Living,Animals,Amphibians,Bullfrog,bullfrog,234,Typical
bullfrog_n01641577_n01641577_13.JPEG,data/images/bullfrog_n01641577_n01641577_13.JPEG,n01641577,Living,Animals,Amphibians,Bullfrog,bullfrog,235,Typical
bullfrog_n01641577_n01641577_130.JPEG,data/images/bullfrog_n01641577_n01641577_130.JPEG,n01641577,Living,Animals,Amphibians,Bullfrog,bullfrog,236,Typical
bullfrog_n01641577_n01641577_131.JPEG,data/images/bullfrog_n01641577_n01641577_131.JPEG,n01641577,Living,Animals,Amphibians,Bullfrog,bullfrog,237,Typical
bullfrog_n01641577_n01641577_132.JPEG,data/images/bullfrog_n01641577_n01641577_132.JPEG,n01641577,Living,Animals,Amphibians,Bullfrog,bullfrog,238,Typical
bullfrog_n01641577_n01641577_133.JPEG,data/images/bullfrog_n01641577_n01641577_133.JPEG,n01641577,Living,Animals,Amphibians,Bullfrog,bullfrog,239,Typical
bullfrog_n01641577_n01641577_134.JPEG,data/images/bullfrog_n01641577_n01641577_134.JPEG,n01641577,Living,Animals,Amphibians,Bullfrog,bullfrog,240,Typical
bullfrog_n01641577_n01641577_135.JPEG,data/images/bullfrog_n01641577_n01641577_135.JPEG,n01641577,Living,Animals,Amphibians,Bullfrog,bullfrog,241,Typical
bullfrog_n01641577_n01641577_136.JPEG,data/images/bullfrog_n01641577_n01641577_136.JPEG,n01641577,Living,Animals,Amphibians,Bullfrog,bullfrog,242,Typical
bullfrog_n01641577_n01641577_137.JPEG,data/images/bullfrog_n01641577_n01641577_137.JPEG,n01641577,Living,Animals,Amphibians,Bullfrog,bullfrog,243,Typical
bullfrog_n01641577_n01641577_138.JPEG,data/images/bullfrog_n01641577_n01641577_138.JPEG,n01641577,Living,Animals,Amphibians,Bullfrog,bullfrog,244,Typical
bullfrog_n01641577_n01641577_139.JPEG,data/images/bullfrog_n01641577_n01641577_139.JPEG,n01641577,Living,Animals,Amphibians,Bullfrog,bullfrog,245,Typical
bullfrog_n01641577_n01641577_14.JPEG,data/images/bullfrog_n01641577_n01641577_14.JPEG,n01641577,Living,Animals,Amphibians,Bullfrog,bullfrog,246,Typical
bullfrog_n01641577_n01641577_140.JPEG,data/images/bullfrog_n01641577_n01641577_140.JPEG,n01641577,Living,Animals,Amphibians,Bullfrog,bullfrog,247,Typical
bullfrog_n01641577_n01641577_141.JPEG,data/images/bullfrog_n01641577_n01641577_141.JPEG,n01641577,Living,Animals,Amphibians,Bullfrog,bullfrog,248,Typical
bullfrog_n01641577_n01641577_142.JPEG,data/images/bullfrog_n01641577_n01641577_142.JPEG,n01641577,Living,Animals,Amphibians,Bullfrog,bullfrog,249,Typical
bullfrog_n01641577_n01641577_143.JPEG,data/images/bullfrog_n01641577_n01641577_143.JPEG,n01641577,Living,Animals,Amphibians,Bullfrog,bullfrog,250,Typical
bullfrog_n01641577_n01641577_144.JPEG,data/images/bullfrog_n01641577_n01641577_144.JPEG,n01641577,Living,Animals,Amphibians,Bullfrog,bullfrog,251,Typical
bullfrog_n01641577_n01641577_145.JPEG,data/images/bullfrog_n01641577_n01641577_145.JPEG,n01641577,Living,Animals,Amphibians,Bullfrog,bullfrog,252,Typical
bullfrog_n01641577_n01641577_146.JPEG,data/images/bullfrog_n01641577_n01641577_146.JPEG,n01641577,Living,Animals,Amphibians,Bullfrog,bullfrog,253,Typical
bullfrog_n01641577_n01641577_147.JPEG,data/images/bullfrog_n01641577_n01641577_147.JPEG,n01641577,Living,Animals,Amphibians,Bullfrog,bullfrog,254,Typical
bullfrog_n01641577_n01641577_148.JPEG,data/images/bullfrog_n01641577_n01641577_148.JPEG,n01641577,Living,Animals,Amphibians,Bullfrog,bullfrog,255,Typical
bullfrog_n01641577_n01641577_149.JPEG,data/images/bullfrog_n01641577_n01641577_149.JPEG,n01641577,Living,Animals,Amphibians,Bullfrog,bullfrog,256,Typical
bullfrog_n01641577_n01641577_15.JPEG,data/images/bullfrog_n01641577_n01641577_15.JPEG,n01641577,Living,Animals,Amphibians,Bullfrog,bullfrog,257,Typical
bullfrog_n01641577_n01641577_150.JPEG,data/images/bullfrog_n01641577_n01641577_150.JPEG,n01641577,Living,Animals,Amphibians,Bullfrog,bullfrog,258,Typical
bullfrog_n01641577_n01641577_151.JPEG,data/images/bullfrog_n01641577_n01641577_151.JPEG,n01641577,Living,Animals,Amphibians,Bullfrog,bullfrog,259,Typical
bullfrog_n01641577_n01641577_152.JPEG,data/images/bullfrog_n01641577_n01641577_152.JPEG,n01641577,Living,Animals,Amphibians,Bullfrog,bullfrog,260,Typical
bullfrog_n01641577_n01641577_153.JPEG,data/images/bullfrog_n01641577_n01641577_153.JPEG,n01641577,Living,Animals,Amphibians,Bullfrog,bullfrog,261,Typical
bullfrog_n01641577_n01641577_154.JPEG,data/images/bullfrog_n01641577_n01641577_154.JPEG,n01641577,Living,Animals,Amphibians,Bullfrog,bullfrog,262,Typical
bullfrog_n01641577_n01641577_155.JPEG,data/images/bullfrog_n01641577_n01641577_155.JPEG,n01641577,Living,Animals,Amphibians,Bullfrog,bullfrog,263,Typical
bullfrog_n01641577_n01641577_156.JPEG,data/images/bullfrog_n01641577_n01641577_156.JPEG,n01641577,Living,Animals,Amphibians,Bullfrog,bullfrog,264,Typical
bullfrog_n01641577_n01641577_157.JPEG,data/images/bullfrog_n01641577_n01641577_157.JPEG,n01641577,Living,Animals,Amphibians,Bullfrog,bullfrog,265,Typical
bullfrog_n01641577_n01641577_158.JPEG,data/images/bullfrog_n01641577_n01641577_158.JPEG,n01641577,Living,Animals,Amphibians,Bullfrog,bullfrog,266,Typical
bullfrog_n01641577_n01641577_159.JPEG,data/images/bullfrog_n01641577_n01641577_159.JPEG,n01641577,Living,Animals,Amphibians,Bullfrog,bullfrog,267,Typical
bullfrog_n01641577_n01641577_16.JPEG,data/images/bullfrog_n01641577_n01641577_16.JPEG,n01641577,Living,Animals,Amphibians,Bullfrog,bullfrog,268,Typical
bullfrog_n01641577_n01641577_160.JPEG,data/images/bullfrog_n01641577_n01641577_160.JPEG,n01641577,Living,Animals,Amphibians,Bullfrog,bullfrog,269,Typical
bullfrog_n01641577_n01641577_161.JPEG,data/images/bullfrog_n01641577_n01641577_161.JPEG,n01641577,Living,Animals,Amphibians,Bullfrog,bullfrog,270,Typical
bullfrog_n01641577_n01641577_162.JPEG,data/images/bullfrog_n01641577_n01641577_162.JPEG,n01641577,Living,Animals,Amphibians,Bullfrog,bullfrog,271,Typical
bullfrog_n01641577_n01641577_163.JPEG,data/images/bullfrog_n01641577_n01641577_163.JPEG,n01641577,Living,Animals,Amphibians,Bullfrog,bullfrog,272,Typical
bullfrog_n01641577_n01641577_164.JPEG,data/images/bullfrog_n01641577_n01641577_164.JPEG,n01641577,Living,Animals,Amphibians,Bullfrog,bullfrog,273,Typical
bullfrog_n01641577_n01641577_165.JPEG,data/images/bullfrog_n01641577_n01641577_165.JPEG,n01641577,Living,Animals,Amphibians,Bullfrog,bullfrog,274,Typical
bullfrog_n01641577_n01641577_166.JPEG,data/images/bullfrog_n01641577_n01641577_166.JPEG,n01641577,Living,Animals,Amphibians,Bullfrog,bullfrog,275,Typical
bullfrog_n01641577_n01641577_167.JPEG,data/images/bullfrog_n01641577_n01641577_167.JPEG,n01641577,Living,Animals,Amphibians,Bullfrog,bullfrog,276,Typical
bullfrog_n01641577_n01641577_168.JPEG,data/images/bullfrog_n01641577_n01641577_168.JPEG,n01641577,Living,Animals,Amphibians,Bullfrog,bullfrog,277,Typical
bullfrog_n01641577_n01641577_169.JPEG,data/images/bullfrog_n01641577_n01641577_169.JPEG,n01641577,Living,Animals,Amphibians,Bullfrog,bullfrog,278,Typical
bullfrog_n01641577_n01641577_17.JPEG,data/images/bullfrog_n01641577_n01641577_17.JPEG,n01641577,Living,Animals,Amphibians,Bullfrog,bullfrog,279,Typical
bullfrog_n01641577_n01641577_170.JPEG,data/images/bullfrog_n01641577_n01641577_170.JPEG,n01641577,Living,Animals,Amphibians,Bullfrog,bullfrog,280,Typical
bullfrog_n01641577_n01641577_171.JPEG,data/images/bullfrog_n01641577_n01641577_171.JPEG,n01641577,Living,Animals,Amphibians,Bullfrog,bullfrog,281,Typical
bullfrog_n01641577_n01641577_172.JPEG,data/images/bullfrog_n01641577_n01641577_172.JPEG,n01641577,Living,Animals,Amphibians,Bullfrog,bullfrog,282,Typical
bullfrog_n01641577_n01641577_173.JPEG,data/images/bullfrog_n01641577_n01641577_173.JPEG,n01641577,Living,Animals,Amphibians,Bullfrog,bullfrog,283,Typical
bullfrog_n01641577_n01641577_174.JPEG,data/images/bullfrog_n01641577_n01641577_174.JPEG,n01641577,Living,Animals,Amphibians,Bullfrog,bullfrog,284,Typical
bullfrog_n01641577_n01641577_175.JPEG,data/images/bullfrog_n01641577_n01641577_175.JPEG,n01641577,Living,Animals,Amphibians,Bullfrog,bullfrog,285,Typical
bullfrog_n01641577_n01641577_176.JPEG,data/images/bullfrog_n01641577_n01641577_176.JPEG,n01641577,Living,Animals,Amphibians,Bullfrog,bullfrog,286,Typical
bullfrog_n01641577_n01641577_177.JPEG,data/images/bullfrog_n01641577_n01641577_177.JPEG,n01641577,Living,Animals,Amphibians,Bullfrog,bullfrog,287,Typical
bullfrog_n01641577_n01641577_178.JPEG,data/images/bullfrog_n01641577_n01641577_178.JPEG,n01641577,Living,Animals,Amphibians,Bullfrog,bullfrog,288,Typical
bullfrog_n01641577_n01641577_179.JPEG,data/images/bullfrog_n01641577_n01641577_179.JPEG,n01641577,Living,Animals,Amphibians,Bullfrog,bullfrog,289,Typical
bullfrog_n01641577_n01641577_18.JPEG,data/images/bullfrog_n01641577_n01641577_18.JPEG,n01641577,Living,Animals,Amphibians,Bullfrog,bullfrog,290,Typical
bullfrog_n01641577_n01641577_180.JPEG,data/images/bullfrog_n01641577_n01641577_180.JPEG,n01641577,Living,Animals,Amphibians,Bullfrog,bullfrog,291,Typical
bullfrog_n01641577_n01641577_181.JPEG,data/images/bullfrog_n01641577_n01641577_181.JPEG,n01641577,Living,Animals,Amphibians,Bullfrog,bullfrog,292,Typical
bullfrog_n01641577_n01641577_182.JPEG,data/images/bullfrog_n01641577_n01641577_182.JPEG,n01641577,Living,Animals,Amphibians,Bullfrog,bullfrog,293,Typical
bullfrog_n01641577_n01641577_183.JPEG,data/images/bullfrog_n01641577_n01641577_183.JPEG,n01641577,Living,Animals,Amphibians,Bullfrog,bullfrog,294,Typical
bullfrog_n01641577_n01641577_184.JPEG,data/images/bullfrog_n01641577_n01641577_184.JPEG,n01641577,Living,Animals,Amphibians,Bullfrog,bullfrog,295,Typical
bullfrog_n01641577_n01641577_185.JPEG,data/images/bullfrog_n01641577_n01641577_185.JPEG,n01641577,Living,Animals,Amphibians,Bullfrog,bullfrog,296,Typical
bullfrog_n01641577_n01641577_186.JPEG,data/images/bullfrog_n01641577_n01641577_186.JPEG,n01641577,Living,Animals,Amphibians,Bullfrog,bullfrog,297,Typical
bullfrog_n01641577_n01641577_187.JPEG,data/images/bullfrog_n01641577_n01641577_187.JPEG,n01641577,Living,Animals,Amphibians,Bullfrog,bullfrog,298,Typical
bullfrog_n01641577_n01641577_188.JPEG,data/images/bullfrog_n01641577_n01641577_188.JPEG,n01641577,Living,Animals,Amphibians,Bullfrog,bullfrog,299,Typical
lemon_n07749582_n07749582_0.JPEG,data/images/lemon_n07749582_n07749582_0.JPEG,n07749582,Living,Plants,Fruits,Lemon,lemon,300,Typical
lemon_n07749582_n07749582_1.JPEG,data/images/lemon_n07749582_n07749582_1.JPEG,n07749582,Living,Plants,Fruits,Lemon,lemon,301,Typical
lemon_n07749582_n07749582_10.JPEG,data/images/lemon_n07749582_n07749582_10.JPEG,n07749582,Living,Plants,Fruits,Lemon,lemon,302,Typical
lemon_n07749582_n07749582_100.JPEG,data/images/lemon_n07749582_n07749582_100.JPEG,n07749582,Living,Plants,Fruits,Lemon,lemon,303,Typical
lemon_n07749582_n07749582_101.JPEG,data/images/lemon_n07749582_n07749582_101.JPEG,n07749582,Living,Plants,Fruits,Lemon,lemon,304,Typical
lemon_n07749582_n07749582_102.JPEG,data/images/lemon_n07749582_n07749582_102.JPEG,n07749582,Living,Plants,Fruits,Lemon,lemon,305,Typical
lemon_n07749582_n07749582_103.JPEG,data/images/lemon_n07749582_n07749582_103.JPEG,n07749582,Living,Plants,Fruits,Lemon,lemon,306,Typical
lemon_n07749582_n07749582_104.JPEG,data/images/lemon_n07749582_n07749582_104.JPEG,n07749582,Living,Plants,Fruits,Lemon,lemon,307,Typical
lemon_n07749582_n07749582_105.JPEG,data/images/lemon_n07749582_n07749582_105.JPEG,n07749582,Living,Plants,Fruits,Lemon,lemon,308,Typical
lemon_n07749582_n07749582_106.JPEG,data/images/lemon_n07749582_n07749582_106.JPEG,n07749582,Living,Plants,Fruits,Lemon,lemon,309,Typical
lemon_n07749582_n07749582_107.JPEG,data/images/lemon_n07749582_n07749582_107.JPEG,n07749582,Living,Plants,Fruits,Lemon,lemon,310,Typical
lemon_n07749582_n07749582_108.JPEG,data/images/lemon_n07749582_n07749582_108.JPEG,n07749582,Living,Plants,Fruits,Lemon,lemon,311,Typical
lemon_n07749582_n07749582_109.JPEG,data/images/lemon_n07749582_n07749582_109.JPEG,n07749582,Living,Plants,Fruits,Lemon,lemon,312,Typical
lemon_n07749582_n07749582_11.JPEG,data/images/lemon_n07749582_n07749582_11.JPEG,n07749582,Living,Plants,Fruits,Lemon,lemon,313,Typical
lemon_n07749582_n07749582_110.JPEG,data/images/lemon_n07749582_n07749582_110.JPEG,n07749582,Living,Plants,Fruits,Lemon,lemon,314,Typical
lemon_n07749582_n07749582_111.JPEG,data/images/lemon_n07749582_n07749582_111.JPEG,n07749582,Living,Plants,Fruits,Lemon,lemon,315,Typical
lemon_n07749582_n07749582_112.JPEG,data/images/lemon_n07749582_n07749582_112.JPEG,n07749582,Living,Plants,Fruits,Lemon,lemon,316,Typical
lemon_n07749582_n07749582_113.JPEG,data/images/lemon_n07749582_n07749582_113.JPEG,n07749582,Living,Plants,Fruits,Lemon,lemon,317,Typical
lemon_n07749582_n07749582_114.JPEG,data/images/lemon_n07749582_n07749582_114.JPEG,n07749582,Living,Plants,Fruits,Lemon,lemon,318,Typical
lemon_n07749582_n07749582_115.JPEG,data/images/lemon_n07749582_n07749582_115.JPEG,n07749582,Living,Plants,Fruits,Lemon,lemon,319,Typical
lemon_n07749582_n07749582_116.JPEG,data/images/lemon_n07749582_n07749582_116.JPEG,n07749582,Living,Plants,Fruits,Lemon,lemon,320,Typical
lemon_n07749582_n07749582_117.JPEG,data/images/lemon_n07749582_n07749582_117.JPEG,n07749582,Living,Plants,Fruits,Lemon,lemon,321,Typical
lemon_n07749582_n07749582_118.JPEG,data/images/lemon_n07749582_n07749582_118.JPEG,n07749582,Living,Plants,Fruits,Lemon,lemon,322,Typical
lemon_n07749582_n07749582_119.JPEG,data/images/lemon_n07749582_n07749582_119.JPEG,n07749582,Living,Plants,Fruits,Lemon,lemon,323,Typical
lemon_n07749582_n07749582_12.JPEG,data/images/lemon_n07749582_n07749582_12.JPEG,n07749582,Living,Plants,Fruits,Lemon,lemon,324,Typical
lemon_n07749582_n07749582_120.JPEG,data/images/lemon_n07749582_n07749582_120.JPEG,n07749582,Living,Plants,Fruits,Lemon,lemon,325,Typical
lemon_n07749582_n07749582_121.JPEG,data/images/lemon_n07749582_n07749582_121.JPEG,n07749582,Living,Plants,Fruits,Lemon,lemon,326,Typical
lemon_n07749582_n07749582_122.JPEG,data/images/lemon_n07749582_n07749582_122.JPEG,n07749582,Living,Plants,Fruits,Lemon,lemon,327,Typical
lemon_n07749582_n07749582_123.JPEG,data/images/lemon_n07749582_n07749582_123.JPEG,n07749582,Living,Plants,Fruits,Lemon,lemon,328,Typical
lemon_n07749582_n07749582_124.JPEG,data/images/lemon_n07749582_n07749582_124.JPEG,n07749582,Living,Plants,Fruits,Lemon,lemon,329,Typical
lemon_n07749582_n07749582_125.JPEG,data/images/lemon_n07749582_n07749582_125.JPEG,n07749582,Living,Plants,Fruits,Lemon,lemon,330,Typical
lemon_n07749582_n07749582_126.JPEG,data/images/lemon_n07749582_n07749582_126.JPEG,n07749582,Living,Plants,Fruits,Lemon,lemon,331,Typical
lemon_n07749582_n07749582_127.JPEG,data/images/lemon_n07749582_n07749582_127.JPEG,n07749582,Living,Plants,Fruits,Lemon,lemon,332,Typical
lemon_n07749582_n07749582_128.JPEG,data/images/lemon_n07749582_n07749582_128.JPEG,n07749582,Living,Plants,Fruits,Lemon,lemon,333,Typical
lemon_n07749582_n07749582_129.JPEG,data/images/lemon_n07749582_n07749582_129.JPEG,n07749582,Living,Plants,Fruits,Lemon,lemon,334,Typical
lemon_n07749582_n07749582_13.JPEG,data/images/lemon_n07749582_n07749582_13.JPEG,n07749582,Living,Plants,Fruits,Lemon,lemon,335,Typical
lemon_n07749582_n07749582_130.JPEG,data/images/lemon_n07749582_n07749582_130.JPEG,n07749582,Living,Plants,Fruits,Lemon,lemon,336,Typical
lemon_n07749582_n07749582_131.JPEG,data/images/lemon_n07749582_n07749582_131.JPEG,n07749582,Living,Plants,Fruits,Lemon,lemon,337,Typical
lemon_n07749582_n07749582_132.JPEG,data/images/lemon_n07749582_n07749582_132.JPEG,n07749582,Living,Plants,Fruits,Lemon,lemon,338,Typical
lemon_n07749582_n07749582_133.JPEG,data/images/lemon_n07749582_n07749582_133.JPEG,n07749582,Living,Plants,Fruits,Lemon,lemon,339,Typical
lemon_n07749582_n07749582_134.JPEG,data/images/lemon_n07749582_n07749582_134.JPEG,n07749582,Living,Plants,Fruits,Lemon,lemon,340,Typical
lemon_n07749582_n07749582_135.JPEG,data/images/lemon_n07749582_n07749582_135.JPEG,n07749582,Living,Plants,Fruits,Lemon,lemon,341,Typical
lemon_n07749582_n07749582_136.JPEG,data/images/lemon_n07749582_n07749582_136.JPEG,n07749582,Living,Plants,Fruits,Lemon,lemon,342,Typical
lemon_n07749582_n07749582_137.JPEG,data/images/lemon_n07749582_n07749582_137.JPEG,n07749582,Living,Plants,Fruits,Lemon,lemon,343,Typical
lemon_n07749582_n07749582_138.JPEG,data/images/lemon_n07749582_n07749582_138.JPEG,n07749582,Living,Plants,Fruits,Lemon,lemon,344,Typical
lemon_n07749582_n07749582_139.JPEG,data/images/lemon_n07749582_n07749582_139.JPEG,n07749582,Living,Plants,Fruits,Lemon,lemon,345,Typical
lemon_n07749582_n07749582_14.JPEG,data/images/lemon_n07749582_n07749582_14.JPEG,n07749582,Living,Plants,Fruits,Lemon,lemon,346,Typical
lemon_n07749582_n07749582_140.JPEG,data/images/lemon_n07749582_n07749582_140.JPEG,n07749582,Living,Plants,Fruits,Lemon,lemon,347,Typical
lemon_n07749582_n07749582_141.JPEG,data/images/lemon_n07749582_n07749582_141.JPEG,n07749582,Living,Plants,Fruits,Lemon,lemon,348,Typical
lemon_n07749582_n07749582_142.JPEG,data/images/lemon_n07749582_n07749582_142.JPEG,n07749582,Living,Plants,Fruits,Lemon,lemon,349,Typical
lemon_n07749582_n07749582_143.JPEG,data/images/lemon_n07749582_n07749582_143.JPEG,n07749582,Living,Plants,Fruits,Lemon,lemon,350,Typical
lemon_n07749582_n07749582_144.JPEG,data/images/lemon_n07749582_n07749582_144.JPEG,n07749582,Living,Plants,Fruits,Lemon,lemon,351,Typical
lemon_n07749582_n07749582_145.JPEG,data/images/lemon_n07749582_n07749582_145.JPEG,n07749582,Living,Plants,Fruits,Lemon,lemon,352,Typical
lemon_n07749582_n07749582_146.JPEG,data/images/lemon_n07749582_n07749582_146.JPEG,n07749582,Living,Plants,Fruits,Lemon,lemon,353,Typical
lemon_n07749582_n07749582_147.JPEG,data/images/lemon_n07749582_n07749582_147.JPEG,n07749582,Living,Plants,Fruits,Lemon,lemon,354,Typical
lemon_n07749582_n07749582_148.JPEG,data/images/lemon_n07749582_n07749582_148.JPEG,n07749582,Living,Plants,Fruits,Lemon,lemon,355,Typical
lemon_n07749582_n07749582_149.JPEG,data/images/lemon_n07749582_n07749582_149.JPEG,n07749582,Living,Plants,Fruits,Lemon,lemon,356,Typical
lemon_n07749582_n07749582_15.JPEG,data/images/lemon_n07749582_n07749582_15.JPEG,n07749582,Living,Plants,Fruits,Lemon,lemon,357,Typical
lemon_n07749582_n07749582_150.JPEG,data/images/lemon_n07749582_n07749582_150.JPEG,n07749582,Living,Plants,Fruits,Lemon,lemon,358,Typical
lemon_n07749582_n07749582_151.JPEG,data/images/lemon_n07749582_n07749582_151.JPEG,n07749582,Living,Plants,Fruits,Lemon,lemon,359,Typical
lemon_n07749582_n07749582_152.JPEG,data/images/lemon_n07749582_n07749582_152.JPEG,n07749582,Living,Plants,Fruits,Lemon,lemon,360,Typical
lemon_n07749582_n07749582_153.JPEG,data/images/lemon_n07749582_n07749582_153.JPEG,n07749582,Living,Plants,Fruits,Lemon,lemon,361,Typical
lemon_n07749582_n07749582_154.JPEG,data/images/lemon_n07749582_n07749582_154.JPEG,n07749582,Living,Plants,Fruits,Lemon,lemon,362,Typical
lemon_n07749582_n07749582_155.JPEG,data/images/lemon_n07749582_n07749582_155.JPEG,n07749582,Living,Plants,Fruits,Lemon,lemon,363,Typical
lemon_n07749582_n07749582_156.JPEG,data/images/lemon_n07749582_n07749582_156.JPEG,n07749582,Living,Plants,Fruits,Lemon,lemon,364,Typical
lemon_n07749582_n07749582_157.JPEG,data/images/lemon_n07749582_n07749582_157.JPEG,n07749582,Living,Plants,Fruits,Lemon,lemon,365,Typical
lemon_n07749582_n07749582_158.JPEG,data/images/lemon_n07749582_n07749582_158.JPEG,n07749582,Living,Plants,Fruits,Lemon,lemon,366,Typical
lemon_n07749582_n07749582_159.JPEG,data/images/lemon_n07749582_n07749582_159.JPEG,n07749582,Living,Plants,Fruits,Lemon,lemon,367,Typical
lemon_n07749582_n07749582_16.JPEG,data/images/lemon_n07749582_n07749582_16.JPEG,n07749582,Living,Plants,Fruits,Lemon,lemon,368,Typical
lemon_n07749582_n07749582_160.JPEG,data/images/lemon_n07749582_n07749582_160.JPEG,n07749582,Living,Plants,Fruits,Lemon,lemon,369,Typical
lemon_n07749582_n07749582_161.JPEG,data/images/lemon_n07749582_n07749582_161.JPEG,n07749582,Living,Plants,Fruits,Lemon,lemon,370,Typical
lemon_n07749582_n07749582_162.JPEG,data/images/lemon_n07749582_n07749582_162.JPEG,n07749582,Living,Plants,Fruits,Lemon,lemon,371,Typical
lemon_n07749582_n07749582_163.JPEG,data/images/lemon_n07749582_n07749582_163.JPEG,n07749582,Living,Plants,Fruits,Lemon,lemon,372,Typical
lemon_n07749582_n07749582_164.JPEG,data/images/lemon_n07749582_n07749582_164.JPEG,n07749582,Living,Plants,Fruits,Lemon,lemon,373,Typical
lemon_n07749582_n07749582_165.JPEG,data/images/lemon_n07749582_n07749582_165.JPEG,n07749582,Living,Plants,Fruits,Lemon,lemon,374,Typical
lemon_n07749582_n07749582_166.JPEG,data/images/lemon_n07749582_n07749582_166.JPEG,n07749582,Living,Plants,Fruits,Lemon,lemon,375,Typical
lemon_n07749582_n07749582_167.JPEG,data/images/lemon_n07749582_n07749582_167.JPEG,n07749582,Living,Plants,Fruits,Lemon,lemon,376,Typical
lemon_n07749582_n07749582_168.JPEG,data/images/lemon_n07749582_n07749582_168.JPEG,n07749582,Living,Plants,Fruits,Lemon,lemon,377,Typical
lemon_n07749582_n07749582_169.JPEG,data/images/lemon_n07749582_n07749582_169.JPEG,n07749582,Living,Plants,Fruits,Lemon,lemon,378,Typical
lemon_n07749582_n07749582_17.JPEG,data/images/lemon_n07749582_n07749582_17.JPEG,n07749582,Living,Plants,Fruits,Lemon,lemon,379,Typical
lemon_n07749582_n07749582_170.JPEG,data/images/lemon_n07749582_n07749582_170.JPEG,n07749582,Living,Plants,Fruits,Lemon,lemon,380,Typical
lemon_n07749582_n07749582_171.JPEG,data/images/lemon_n07749582_n07749582_171.JPEG,n07749582,Living,Plants,Fruits,Lemon,lemon,381,Typical
lemon_n07749582_n07749582_172.JPEG,data/images/lemon_n07749582_n07749582_172.JPEG,n07749582,Living,Plants,Fruits,Lemon,lemon,382,Typical
lemon_n07749582_n07749582_173.JPEG,data/images/lemon_n07749582_n07749582_173.JPEG,n07749582,Living,Plants,Fruits,Lemon,lemon,383,Typical
lemon_n07749582_n07749582_174.JPEG,data/images/lemon_n07749582_n07749582_174.JPEG,n07749582,Living,Plants,Fruits,Lemon,lemon,384,Typical
lemon_n07749582_n07749582_175.JPEG,data/images/lemon_n07749582_n07749582_175.JPEG,n07749582,Living,Plants,Fruits,Lemon,lemon,385,Typical
lemon_n07749582_n07749582_176.JPEG,data/images/lemon_n07749582_n07749582_176.JPEG,n07749582,Living,Plants,Fruits,Lemon,lemon,386,Typical
lemon_n07749582_n07749582_177.JPEG,data/images/lemon_n07749582_n07749582_177.JPEG,n07749582,Living,Plants,Fruits,Lemon,lemon,387,Typical
lemon_n07749582_n07749582_178.JPEG,data/images/lemon_n07749582_n07749582_178.JPEG,n07749582,Living,Plants,Fruits,Lemon,lemon,388,Typical
lemon_n07749582_n07749582_179.JPEG,data/images/lemon_n07749582_n07749582_179.JPEG,n07749582,Living,Plants,Fruits,Lemon,lemon,389,Typical
lemon_n07749582_n07749582_18.JPEG,data/images/lemon_n07749582_n07749582_18.JPEG,n07749582,Living,Plants,Fruits,Lemon,lemon,390,Typical
lemon_n07749582_n07749582_180.JPEG,data/images/lemon_n07749582_n07749582_180.JPEG,n07749582,Living,Plants,Fruits,Lemon,lemon,391,Typical
lemon_n07749582_n07749582_181.JPEG,data/images/lemon_n07749582_n07749582_181.JPEG,n07749582,Living,Plants,Fruits,Lemon,lemon,392,Typical
lemon_n07749582_n07749582_182.JPEG,data/images/lemon_n07749582_n07749582_182.JPEG,n07749582,Living,Plants,Fruits,Lemon,lemon,393,Typical
lemon_n07749582_n07749582_183.JPEG,data/images/lemon_n07749582_n07749582_183.JPEG,n07749582,Living,Plants,Fruits,Lemon,lemon,394,Typical
lemon_n07749582_n07749582_184.JPEG,data/images/lemon_n07749582_n07749582_184.JPEG,n07749582,Living,Plants,Fruits,Lemon,lemon,395,Typical
lemon_n07749582_n07749582_185.JPEG,data/images/lemon_n07749582_n07749582_185.JPEG,n07749582,Living,Plants,Fruits,Lemon,lemon,396,Typical
lemon_n07749582_n07749582_186.JPEG,data/images/lemon_n07749582_n07749582_186.JPEG,n07749582,Living,Plants,Fruits,Lemon,lemon,397,Typical
lemon_n07749582_n07749582_187.JPEG,data/images/lemon_n07749582_n07749582_187.JPEG,n07749582,Living,Plants,Fruits,Lemon,lemon,398,Typical
lemon_n07749582_n07749582_188.JPEG,data/images/lemon_n07749582_n07749582_188.JPEG,n07749582,Living,Plants,Fruits,Lemon,lemon,399,Typical
banana_n07753592_n07753592_0.JPEG,data/images/banana_n07753592_n07753592_0.JPEG,n07753592,Living,Plants,Fruits,Banana,banana,400,Typical
banana_n07753592_n07753592_1.JPEG,data/images/banana_n07753592_n07753592_1.JPEG,n07753592,Living,Plants,Fruits,Banana,banana,401,Typical
banana_n07753592_n07753592_10.JPEG,data/images/banana_n07753592_n07753592_10.JPEG,n07753592,Living,Plants,Fruits,Banana,banana,402,Typical
banana_n07753592_n07753592_100.JPEG,data/images/banana_n07753592_n07753592_100.JPEG,n07753592,Living,Plants,Fruits,Banana,banana,403,Typical
banana_n07753592_n07753592_101.JPEG,data/images/banana_n07753592_n07753592_101.JPEG,n07753592,Living,Plants,Fruits,Banana,banana,404,Typical
banana_n07753592_n07753592_102.JPEG,data/images/banana_n07753592_n07753592_102.JPEG,n07753592,Living,Plants,Fruits,Banana,banana,405,Typical
banana_n07753592_n07753592_103.JPEG,data/images/banana_n07753592_n07753592_103.JPEG,n07753592,Living,Plants,Fruits,Banana,banana,406,Typical
banana_n07753592_n07753592_104.JPEG,data/images/banana_n07753592_n07753592_104.JPEG,n07753592,Living,Plants,Fruits,Banana,banana,407,Typical
banana_n07753592_n07753592_105.JPEG,data/images/banana_n07753592_n07753592_105.JPEG,n07753592,Living,Plants,Fruits,Banana,banana,408,Typical
banana_n07753592_n07753592_106.JPEG,data/images/banana_n07753592_n07753592_106.JPEG,n07753592,Living,Plants,Fruits,Banana,banana,409,Typical
banana_n07753592_n07753592_107.JPEG,data/images/banana_n07753592_n07753592_107.JPEG,n07753592,Living,Plants,Fruits,Banana,banana,410,Typical
banana_n07753592_n07753592_108.JPEG,data/images/banana_n07753592_n07753592_108.JPEG,n07753592,Living,Plants,Fruits,Banana,banana,411,Typical
banana_n07753592_n07753592_109.JPEG,data/images/banana_n07753592_n07753592_109.JPEG,n07753592,Living,Plants,Fruits,Banana,banana,412,Typical
banana_n07753592_n07753592_11.JPEG,data/images/banana_n07753592_n07753592_11.JPEG,n07753592,Living,Plants,Fruits,Banana,banana,413,Typical
banana_n07753592_n07753592_110.JPEG,data/images/banana_n07753592_n07753592_110.JPEG,n07753592,Living,Plants,Fruits,Banana,banana,414,Typical
banana_n07753592_n07753592_111.JPEG,data/images/banana_n07753592_n07753592_111.JPEG,n07753592,Living,Plants,Fruits,Banana,banana,415,Typical
banana_n07753592_n07753592_112.JPEG,data/images/banana_n07753592_n07753592_112.JPEG,n07753592,Living,Plants,Fruits,Banana,banana,416,Typical
banana_n07753592_n07753592_113.JPEG,data/images/banana_n07753592_n07753592_113.JPEG,n07753592,Living,Plants,Fruits,Banana,banana,417,Typical
banana_n07753592_n07753592_114.JPEG,data/images/banana_n07753592_n07753592_114.JPEG,n07753592,Living,Plants,Fruits,Banana,banana,418,Typical
banana_n07753592_n07753592_115.JPEG,data/images/banana_n07753592_n07753592_115.JPEG,n07753592,Living,Plants,Fruits,Banana,banana,419,Typical
banana_n07753592_n07753592_116.JPEG,data/images/banana_n07753592_n07753592_116.JPEG,n07753592,Living,Plants,Fruits,Banana,banana,420,Typical
banana_n07753592_n07753592_117.JPEG,data/images/banana_n07753592_n07753592_117.JPEG,n07753592,Living,Plants,Fruits,Banana,banana,421,Typical
banana_n07753592_n07753592_118.JPEG,data/images/banana_n07753592_n07753592_118.JPEG,n07753592,Living,Plants,Fruits,Banana,banana,422,Typical
banana_n07753592_n07753592_119.JPEG,data/images/banana_n07753592_n07753592_119.JPEG,n07753592,Living,Plants,Fruits,Banana,banana,423,Typical
banana_n07753592_n07753592_12.JPEG,data/images/banana_n07753592_n07753592_12.JPEG,n07753592,Living,Plants,Fruits,Banana,banana,424,Typical
banana_n07753592_n07753592_120.JPEG,data/images/banana_n07753592_n07753592_120.JPEG,n07753592,Living,Plants,Fruits,Banana,banana,425,Typical
banana_n07753592_n07753592_121.JPEG,data/images/banana_n07753592_n07753592_121.JPEG,n07753592,Living,Plants,Fruits,Banana,banana,426,Typical
banana_n07753592_n07753592_122.JPEG,data/images/banana_n07753592_n07753592_122.JPEG,n07753592,Living,Plants,Fruits,Banana,banana,427,Typical
banana_n07753592_n07753592_123.JPEG,data/images/banana_n07753592_n07753592_123.JPEG,n07753592,Living,Plants,Fruits,Banana,banana,428,Typical
banana_n07753592_n07753592_124.JPEG,data/images/banana_n07753592_n07753592_124.JPEG,n07753592,Living,Plants,Fruits,Banana,banana,429,Typical
banana_n07753592_n07753592_125.JPEG,data/images/banana_n07753592_n07753592_125.JPEG,n07753592,Living,Plants,Fruits,Banana,banana,430,Typical
banana_n07753592_n07753592_126.JPEG,data/images/banana_n07753592_n07753592_126.JPEG,n07753592,Living,Plants,Fruits,Banana,banana,431,Typical
banana_n07753592_n07753592_127.JPEG,data/images/banana_n07753592_n07753592_127.JPEG,n07753592,Living,Plants,Fruits,Banana,banana,432,Typical
banana_n07753592_n07753592_128.JPEG,data/images/banana_n07753592_n07753592_128.JPEG,n07753592,Living,Plants,Fruits,Banana,banana,433,Typical
banana_n07753592_n07753592_129.JPEG,data/images/banana_n07753592_n07753592_129.JPEG,n07753592,Living,Plants,Fruits,Banana,banana,434,Typical
banana_n07753592_n07753592_13.JPEG,data/images/banana_n07753592_n07753592_13.JPEG,n07753592,Living,Plants,Fruits,Banana,banana,435,Typical
banana_n07753592_n07753592_130.JPEG,data/images/banana_n07753592_n07753592_130.JPEG,n07753592,Living,Plants,Fruits,Banana,banana,436,Typical
banana_n07753592_n07753592_131.JPEG,data/images/banana_n07753592_n07753592_131.JPEG,n07753592,Living,Plants,Fruits,Banana,banana,437,Typical
banana_n07753592_n07753592_132.JPEG,data/images/banana_n07753592_n07753592_132.JPEG,n07753592,Living,Plants,Fruits,Banana,banana,438,Typical
banana_n07753592_n07753592_133.JPEG,data/images/banana_n07753592_n07753592_133.JPEG,n07753592,Living,Plants,Fruits,Banana,banana,439,Typical
banana_n07753592_n07753592_134.JPEG,data/images/banana_n07753592_n07753592_134.JPEG,n07753592,Living,Plants,Fruits,Banana,banana,440,Typical
banana_n07753592_n07753592_135.JPEG,data/images/banana_n07753592_n07753592_135.JPEG,n07753592,Living,Plants,Fruits,Banana,banana,441,Typical
banana_n07753592_n07753592_136.JPEG,data/images/banana_n07753592_n07753592_136.JPEG,n07753592,Living,Plants,Fruits,Banana,banana,442,Typical
banana_n07753592_n07753592_137.JPEG,data/images/banana_n07753592_n07753592_137.JPEG,n07753592,Living,Plants,Fruits,Banana,banana,443,Typical
banana_n07753592_n07753592_138.JPEG,data/images/banana_n07753592_n07753592_138.JPEG,n07753592,Living,Plants,Fruits,Banana,banana,444,Typical
banana_n07753592_n07753592_139.JPEG,data/images/banana_n07753592_n07753592_139.JPEG,n07753592,Living,Plants,Fruits,Banana,banana,445,Typical
banana_n07753592_n07753592_14.JPEG,data/images/banana_n07753592_n07753592_14.JPEG,n07753592,Living,Plants,Fruits,Banana,banana,446,Typical
banana_n07753592_n07753592_140.JPEG,data/images/banana_n07753592_n07753592_140.JPEG,n07753592,Living,Plants,Fruits,Banana,banana,447,Typical
banana_n07753592_n07753592_141.JPEG,data/images/banana_n07753592_n07753592_141.JPEG,n07753592,Living,Plants,Fruits,Banana,banana,448,Typical
banana_n07753592_n07753592_142.JPEG,data/images/banana_n07753592_n07753592_142.JPEG,n07753592,Living,Plants,Fruits,Banana,banana,449,Typical
banana_n07753592_n07753592_143.JPEG,data/images/banana_n07753592_n07753592_143.JPEG,n07753592,Living,Plants,Fruits,Banana,banana,450,Typical
banana_n07753592_n07753592_144.JPEG,data/images/banana_n07753592_n07753592_144.JPEG,n07753592,Living,Plants,Fruits,Banana,banana,451,Typical
banana_n07753592_n07753592_145.JPEG,data/images/banana_n07753592_n07753592_145.JPEG,n07753592,Living,Plants,Fruits,Banana,banana,452,Typical
banana_n07753592_n07753592_146.JPEG,data/images/banana_n07753592_n07753592_146.JPEG,n07753592,Living,Plants,Fruits,Banana,banana,453,Typical
banana_n07753592_n07753592_147.JPEG,data/images/banana_n07753592_n07753592_147.JPEG,n07753592,Living,Plants,Fruits,Banana,banana,454,Typical
banana_n07753592_n07753592_148.JPEG,data/images/banana_n07753592_n07753592_148.JPEG,n07753592,Living,Plants,Fruits,Banana,banana,455,Typical
banana_n07753592_n07753592_149.JPEG,data/images/banana_n07753592_n07753592_149.JPEG,n07753592,Living,Plants,Fruits,Banana,banana,456,Typical
banana_n07753592_n07753592_15.JPEG,data/images/banana_n07753592_n07753592_15.JPEG,n07753592,Living,Plants,Fruits,Banana,banana,457,Typical
banana_n07753592_n07753592_150.JPEG,data/images/banana_n07753592_n07753592_150.JPEG,n07753592,Living,Plants,Fruits,Banana,banana,458,Typical
banana_n07753592_n07753592_151.JPEG,data/images/banana_n07753592_n07753592_151.JPEG,n07753592,Living,Plants,Fruits,Banana,banana,459,Typical
banana_n07753592_n07753592_152.JPEG,data/images/banana_n07753592_n07753592_152.JPEG,n07753592,Living,Plants,Fruits,Banana,banana,460,Typical
banana_n07753592_n07753592_153.JPEG,data/images/banana_n07753592_n07753592_153.JPEG,n07753592,Living,Plants,Fruits,Banana,banana,461,Typical
banana_n07753592_n07753592_154.JPEG,data/images/banana_n07753592_n07753592_154.JPEG,n07753592,Living,Plants,Fruits,Banana,banana,462,Typical
banana_n07753592_n07753592_155.JPEG,data/images/banana_n07753592_n07753592_155.JPEG,n07753592,Living,Plants,Fruits,Banana,banana,463,Typical
banana_n07753592_n07753592_156.JPEG,data/images/banana_n07753592_n07753592_156.JPEG,n07753592,Living,Plants,Fruits,Banana,banana,464,Typical
banana_n07753592_n07753592_157.JPEG,data/images/banana_n07753592_n07753592_157.JPEG,n07753592,Living,Plants,Fruits,Banana,banana,465,Typical
banana_n07753592_n07753592_158.JPEG,data/images/banana_n07753592_n07753592_158.JPEG,n07753592,Living,Plants,Fruits,Banana,banana,466,Typical
banana_n07753592_n07753592_159.JPEG,data/images/banana_n07753592_n07753592_159.JPEG,n07753592,Living,Plants,Fruits,Banana,banana,467,Typical
banana_n07753592_n07753592_16.JPEG,data/images/banana_n07753592_n07753592_16.JPEG,n07753592,Living,Plants,Fruits,Banana,banana,468,Typical
banana_n07753592_n07753592_160.JPEG,data/images/banana_n07753592_n07753592_160.JPEG,n07753592,Living,Plants,Fruits,Banana,banana,469,Typical
banana_n07753592_n07753592_161.JPEG,data/images/banana_n07753592_n07753592_161.JPEG,n07753592,Living,Plants,Fruits,Banana,banana,470,Typical
banana_n07753592_n07753592_162.JPEG,data/images/banana_n07753592_n07753592_162.JPEG,n07753592,Living,Plants,Fruits,Banana,banana,471,Typical
banana_n07753592_n07753592_163.JPEG,data/images/banana_n07753592_n07753592_163.JPEG,n07753592,Living,Plants,Fruits,Banana,banana,472,Typical
banana_n07753592_n07753592_164.JPEG,data/images/banana_n07753592_n07753592_164.JPEG,n07753592,Living,Plants,Fruits,Banana,banana,473,Typical
banana_n07753592_n07753592_165.JPEG,data/images/banana_n07753592_n07753592_165.JPEG,n07753592,Living,Plants,Fruits,Banana,banana,474,Typical
banana_n07753592_n07753592_166.JPEG,data/images/banana_n07753592_n07753592_166.JPEG,n07753592,Living,Plants,Fruits,Banana,banana,475,Typical
banana_n07753592_n07753592_167.JPEG,data/images/banana_n07753592_n07753592_167.JPEG,n07753592,Living,Plants,Fruits,Banana,banana,476,Typical
banana_n07753592_n07753592_168.JPEG,data/images/banana_n07753592_n07753592_168.JPEG,n07753592,Living,Plants,Fruits,Banana,banana,477,Typical
banana_n07753592_n07753592_169.JPEG,data/images/banana_n07753592_n07753592_169.JPEG,n07753592,Living,Plants,Fruits,Banana,banana,478,Typical
banana_n07753592_n07753592_17.JPEG,data/images/banana_n07753592_n07753592_17.JPEG,n07753592,Living,Plants,Fruits,Banana,banana,479,Typical
banana_n07753592_n07753592_170.JPEG,data/images/banana_n07753592_n07753592_170.JPEG,n07753592,Living,Plants,Fruits,Banana,banana,480,Typical
banana_n07753592_n07753592_171.JPEG,data/images/banana_n07753592_n07753592_171.JPEG,n07753592,Living,Plants,Fruits,Banana,banana,481,Typical
banana_n07753592_n07753592_172.JPEG,data/images/banana_n07753592_n07753592_172.JPEG,n07753592,Living,Plants,Fruits,Banana,banana,482,Typical
banana_n07753592_n07753592_173.JPEG,data/images/banana_n07753592_n07753592_173.JPEG,n07753592,Living,Plants,Fruits,Banana,banana,483,Typical
banana_n07753592_n07753592_174.JPEG,data/images/banana_n07753592_n07753592_174.JPEG,n07753592,Living,Plants,Fruits,Banana,banana,484,Typical
banana_n07753592_n07753592_175.JPEG,data/images/banana_n07753592_n07753592_175.JPEG,n07753592,Living,Plants,Fruits,Banana,banana,485,Typical
banana_n07753592_n07753592_176.JPEG,data/images/banana_n07753592_n07753592_176.JPEG,n07753592,Living,Plants,Fruits,Banana,banana,486,Typical
banana_n07753592_n07753592_177.JPEG,data/images/banana_n07753592_n07753592_177.JPEG,n07753592,Living,Plants,Fruits,Banana,banana,487,Typical
banana_n07753592_n07753592_178.JPEG,data/images/banana_n07753592_n07753592_178.JPEG,n07753592,Living,Plants,Fruits,Banana,banana,488,Typical
banana_n07753592_n07753592_179.JPEG,data/images/banana_n07753592_n07753592_179.JPEG,n07753592,Living,Plants,Fruits,Banana,banana,489,Typical
banana_n07753592_n07753592_18.JPEG,data/images/banana_n07753592_n07753592_18.JPEG,n07753592,Living,Plants,Fruits,Banana,banana,490,Typical
banana_n07753592_n07753592_180.JPEG,data/images/banana_n07753592_n07753592_180.JPEG,n07753592,Living,Plants,Fruits,Banana,banana,491,Typical
banana_n07753592_n07753592_181.JPEG,data/images/banana_n07753592_n07753592_181.JPEG,n07753592,Living,Plants,Fruits,Banana,banana,492,Typical
banana_n07753592_n07753592_182.JPEG,data/images/banana_n07753592_n07753592_182.JPEG,n07753592,Living,Plants,Fruits,Banana,banana,493,Typical
banana_n07753592_n07753592_183.JPEG,data/images/banana_n07753592_n07753592_183.JPEG,n07753592,Living,Plants,Fruits,Banana,banana,494,Typical
banana_n07753592_n07753592_184.JPEG,data/images/banana_n07753592_n07753592_184.JPEG,n07753592,Living,Plants,Fruits,Banana,banana,495,Typical
banana_n07753592_n07753592_185.JPEG,data/images/banana_n07753592_n07753592_185.JPEG,n07753592,Living,Plants,Fruits,Banana,banana,496,Typical
banana_n07753592_n07753592_186.JPEG,data/images/banana_n07753592_n07753592_186.JPEG,n07753592,Living,Plants,Fruits,Banana,banana,497,Typical
banana_n07753592_n07753592_187.JPEG,data/images/banana_n07753592_n07753592_187.JPEG,n07753592,Living,Plants,Fruits,Banana,banana,498,Typical
banana_n07753592_n07753592_188.JPEG,data/images/banana_n07753592_n07753592_188.JPEG,n07753592,Living,Plants,Fruits,Banana,banana,499,Typical
